Euring;Sortering;Artnavn;Latin;English;Status;Type
02260;10;"Hvidhovedet And";"Oxyura leucocephala";"White-headed Duck";AU;art
02250;20;"Amerikansk Skarveand";"Oxyura jamaicensis";"Ruddy Duck";CU;art
02265;30;"Amerikansk Skarveand x 	
Hvidhovedet And (hybrid)";"Oxyura jamaicensis x O. leucocephala";"Ruddy Duck x White-headed Duck (hybrid)";HU;hybrid
01526;40;"Sorthalset Svane";"Cygnus melancoryphus";"Black-necked Swan";E;art
01520;50;Knopsvane;"Cygnus olor";"Mute Swan";A;art
01525;60;Sortsvane;"Cygnus atratus";"Black Swan";C;art
01530;70;Pibesvane;"Cygnus columbianus";"Tundra Swan";A;art
01540;80;Sangsvane;"Cygnus cygnus";"Whooper Swan";A;art
01539;90;Pibesvane/Sangsvane;"Cygnus columbianus/C. cygnus";"Tundra Swan/Whooper Swan";H;ubestemt
01559;100;"Svane sp.";"Cygnus sp.";"Swan sp.";H;ubestemt
01680;110;Knortegås;"Branta bernicla";"Brant Goose";A;art
01683;120;"Knortegås, Sortbuget (ssp. nigricans)";"Branta bernicla nigricans";"Brant Goose (ssp. nigricans)";AS;underart
01688;130;"Knortegås, Mørkbuget x Sortbuget (hybrid)";"Branta bernicla bernicla x B. b. nigricans";"Brant Goose (bernicla x nigricans)";H;hybrid
01689;140;"Knortegås x Rødhalset Gås (hybrid)";"Branta bernicla x B. ruficollis";"Brant Goose x Red-breasted Goose";H;hybrid
01681;150;"Knortegås, Mørkbuget (ssp. bernicla)";"Branta bernicla bernicla";"Brant Goose (ssp. bernicla)";A;underart
01682;160;"Knortegås, Lysbuget (ssp. hrota)";"Branta bernicla hrota";"Brant Goose (ssp. hrota)";A;underart
01690;170;"Rødhalset Gås";"Branta ruficollis";"Red-breasted Goose";AS;art
01660;180;Canadagås;"Branta canadensis";"Canada Goose";C;art
01664;190;"Canadagås x Bramgås (hybrid)";"Branta canadensis x B. leucopsis";"Canada Goose x Barnacle Goose";H;hybrid
01669;200;"Canadagås x Grågås (hybrid)";"Branta canadensis x Anser anser";"Canada Goose x Greylag Goose";H;hybrid
01670;210;Bramgås;"Branta leucopsis";"Barnacle Goose";A;art
01677;220;"Bramgås x Dværgcanadagås (hybrid)";"Branta leucopsis x B. hutchinsii";"Barnacle Goose x Cackling Goose";H;hybrid
01678;230;"Bramgås x Dværggås (hybrid)";"Branta leucopsis x Anser erythropus";"Barnacle Goose x Lesser White-fronted Goose";H;hybrid
01679;240;"Bramgås x Rødhalset Gås (hybrid)";"Branta leucopsis x B. ruficollis";"Barnacle Goose x Red-breasted Goose";H;hybrid
01665;250;Dværgcanadagås;"Branta hutchinsii";"Cackling Goose";E;art
01699;260;"Rajgås sp.";"Branta sp.";"Goose sp. (branta)";H;ubestemt
01620;270;"Indisk Gås";"Anser indicus";"Bar-headed Goose";C;art
01625;280;"Indisk Gås X Grågås (hybrid)";"Anser indicus x A. anser";"Bar-headed Goose x Greylag Goose (hybrid)";H;hybrid
01626;290;"Indisk Gås X Canadagås (hybrid)";"Anser indicus x Branta canadensis";"Bar-headed Goose x Canada Goose (hybrid)";H;hybrid
01627;300;"Indisk Gås X Bramgås (hybrid)";"Anser indicus x Branta leucopsis";"Bar-headed Goose x Barnacle Goose (hybrid)";H;hybrid
01650;310;Kejsergås;"Anser canagicus";"Emperor Goose";E;art
01645;320;"Dværgsnegås x Bramgås (hybrid)";"Anser rossii x Branta leucopsis";"Ross's Goose x Barnacle Goose";HU;hybrid
01640;330;Dværgsnegås;"Anser rossii";"Ross's Goose";AU;art
01630;340;Snegås;"Anser caerulescens";"Snow Goose";D;art
01639;350;"Snegås x Bramgås (hybrid)";"Anser caerulescens x Branta leucopsis";"Snow Goose x Barnacle Goose";H;hybrid
01610;360;Grågås;"Anser anser";"Greylag Goose";A;art
01615;370;"Grågås x Blisgås (hybrid)";"Anser anser x A. albifrons";"Greylag Goose x Greater White-fronted Goose";H;hybrid
01619;380;"Grågås x Bramgås (hybrid)";"Anser anser x Branta leucopsis";"Greylag Goose x Barnacle Goose";H;hybrid
01560;390;Svanegås;"Anser cygnoides";"Swan Goose";E;art
01569;400;"Svanegås x Grågås (hybrid)";"Anser cygnoides x A. anser";"Swan Goose x Greylag Goose";H;hybrid
01570;410;Tajgasædgås/Tundrasædgås;"Anser fabalis/A. serrirostris";"Taiga Bean Goose/Tundra Bean Goose";H;ubestemt
01600;420;Dværggås;"Anser erythropus";"Lesser White-fronted Goose";AS;art
01590;430;Blisgås;"Anser albifrons";"Greater White-fronted Goose";A;art
01592;440;"Blisgås, Grønlandsk (ssp. flavirostris)";"Anser albifrons flavirostris";"Greater White-fronted Goose (ssp. flavirostris)";AS;underart
01591;450;"Blisgås (ssp. albifrons)";"Anser albifrons albifrons";"Greater White-fronted Goose (ssp. albifrons)";A;underart
01599;460;Blisgås/Dværggås;"Anser albifrons/A. erythropus";"Greater White-fronted Goose/Lesser White-fronted Goose";H;ubestemt
01594;470;"Blisgås x Bramgås (hybrid)";"Anser albifrons x Branta leucopsis";"Greater White-fronted Goose x Barnacle Goose";H;hybrid
01595;480;"Blisgås x Rødhalset Gås (hybrid)";"Anser albifrons x Branta ruficollis";"Greater White-fronted Goose x Red-breasted Goose";H;hybrid
01574;490;Tundrasædgås;"Anser serrirostris";"Tundra Bean Goose";A;art
01580;500;"Kortnæbbet Gås";"Anser brachyrhynchus";"Pink-footed Goose";A;art
01571;510;Tajgasædgås;"Anser fabalis";"Taiga Bean Goose";A;art
01659;520;"Grå Gås sp.";"Anser sp.";"Goose sp. (anser)";H;ubestemt
01709;530;"Gås sp.";"Anser/Branta sp.";"Goose sp.";H;ubestemt
01750;540;Moskusand;"Cairina moschata";"Muscovy Duck";E;art
01780;550;Mandarinand;"Aix galericulata";"Mandarin Duck";C;art
01770;560;Brudeand;"Aix sponsa";"Wood Duck";E;art
01695;570;Magellangås;"Chloephaga picta";"Upland Goose";E;art
01700;580;Nilgås;"Alopochen aegyptiaca";"Egyptian Goose";C;art
01730;590;Gravand;"Tadorna tadorna";"Common Shelduck";A;art
01710;600;Rustand;"Tadorna ferruginea";"Ruddy Shelduck";A;art
01714;610;"Rustand x Gravand (hybrid)";"Tadorna ferruginea x T. tadorna";"Ruddy Shelduck x Common Shelduck";H;hybrid
02120;620;Havlit;"Clangula hyemalis";"Long-tailed Duck";A;art
02090;630;Stellersand;"Polysticta stelleri";"Steller's Eider";AU;art
02070;640;Kongeederfugl;"Somateria spectabilis";"King Eider";AS;art
02060;650;Ederfugl;"Somateria mollissima";"Common Eider";A;art
02063;660;"Ederfugl, Arktisk (ssp. borealis)";"Somateria mollissima borealis";"Common Eider (ssp. borealis)";AU;underart
02078;670;"Kongeederfugl x Ederfugl (hybrid)";"Somateria spectabilis x S. mollissima";"King Eider x Common Eider";H;hybrid
02130;680;Sortand;"Melanitta nigra";"Common Scoter";A;art
02132;690;"Amerikansk Sortand";"Melanitta americana";"Black Scoter";AS;art
02140;700;Brilleand;"Melanitta perspicillata";"Surf Scoter";AS;art
02150;710;Fløjlsand;"Melanitta fusca";"Velvet Scoter";A;art
02153;720;"Amerikansk Fløjlsand";"Melanitta deglandi";"White-winged Scoter";AU;art
02152;730;"Asiatisk Fløjlsand";"Melanitta stejnegeri";"Stejneger's Scoter";AU;art
02151;740;"Amerikansk/Asiatisk Fløjlsand";"Melanitta deglandi/M. stejnegeri";"White-winged Scoter/Stejneger's Scoter";HU;ubestemt
02160;750;Bøffeland;"Bucephala albeola";Bufflehead;DU;art
02180;760;Hvinand;"Bucephala clangula";"Common Goldeneye";A;art
02200;770;"Lille Skallesluger";"Mergellus albellus";Smew;A;art
02189;780;"Hvinand x Lille Skallesluger (hybrid)";"Bucephala clangula x Mergellus albellus";"Common Goldeneye x Smew";H;hybrid
02190;790;Hjelmskallesluger;"Lophodytes cucullatus";"Hooded Merganser";DU;art
02210;800;"Toppet Skallesluger";"Mergus serrator";"Red-breasted Merganser";A;art
02230;810;"Stor Skallesluger";"Mergus merganser";"Common Merganser";A;art
02218;820;"Toppet Skallesluger/Stor Skallesluger";"Mergus serrator/M. merganser";"Red-breasted Merganser/Common Merganser";H;ubestemt
02239;830;"Skallesluger sp.";"Mergus sp.";"Merganser sp.";H;ubestemt
02268;840;"Havdykand sp. (Mergini)";Mergini;"Sea duck sp. (Mergini)";H;ubestemt
02269;850;"Andefugl sp.";Anatidae;"Swan/Goose/Duck sp.";H;ubestemt
01950;860;Marmorand;"Marmaronetta angustirostris";"Marbled Duck";EU;art
01960;870;"Rødhovedet And";"Netta rufina";"Red-crested Pochard";AS;art
01969;880;"Rødhovedet And x Taffeland (hybrid)";"Netta rufina x Aythya ferina";"Red-crested Pochard x Common Pochard";H;hybrid
02020;890;"Hvidøjet And";"Aythya nyroca";"Ferruginous Duck";AS;art
02028;900;"Hvidøjet And x Troldand (hybrid)";"Aythya nyroca x A. fuligula";"Ferruginous Duck x Tufted Duck";H;hybrid
02029;910;"Hvidøjet And x Taffeland (hybrid)";"Aythya nyroca x A. ferina";"Ferruginous Duck x Common Pochard";H;hybrid
01980;920;Taffeland;"Aythya ferina";"Common Pochard";A;art
01989;930;"Taffeland x Troldand (hybrid)";"Aythya ferina x A. fuligula";"Common Pochard x Tufted Duck";H;hybrid
02000;940;Halsbåndstroldand;"Aythya collaris";"Ring-necked Duck";AU;art
02005;950;"Halsbåndstroldand x Troldand (hybrid)";"Aythya collaris x A. fuligula";"Ring-necked Duck x Tufted Duck";HU;hybrid
02030;960;Troldand;"Aythya fuligula";"Tufted Duck";A;art
02038;970;Troldand/Bjergand;"Aythya fuligula/A. marila";"Tufted Duck/Greater Scaup";H;ubestemt
02039;980;"Troldand x Bjergand (hybrid)";"Aythya fuligula x A. marila";"Tufted Duck x Greater Scaup";H;hybrid
02050;990;"Lille Bjergand";"Aythya affinis";"Lesser Scaup";AU;art
02040;1000;Bjergand;"Aythya marila";"Greater Scaup";A;art
02051;1010;"Lille Bjergand x Troldand (hybrid)";"Aythya affinis x A. fuligula";"Lesser Scaup x Tufted Duck";HU;hybrid
02058;1020;"Dykand hybrid";"Aythya sp. x Aythya sp.";"Duck hybrid (Aythya)";H;hybrid
02059;1030;"Dykand sp. (Aythya sp.)";"Aythya sp.";"Duck sp. (Aythya)";H;ubestemt
01830;1040;"Sibirisk Krikand";"Sibirionetta formosa";"Baikal Teal";AU;art
01910;1050;Atlingand;"Spatula querquedula";Garganey;A;art
01920;1060;"Blåvinget And";"Spatula discors";"Blue-winged Teal";AU;art
01930;1070;Kaneland;"Spatula cyanoptera";"Cinnamon Teal";E;art
01940;1080;Skeand;"Spatula clypeata";"Northern Shoveler";A;art
01946;1090;"Skeand x Blåvinget And (hybrid)";"Spatula clypeata x S. discors";"Northern Shoveler x Blue-winged Teal";HU;hybrid
01947;1100;"Skeand x Knarand (hybrid)";"Spatula clypeata x Mareca strepera";"Northern Shoveler x Gadwall";H;hybrid
01948;1110;"Skeand x Gråand (hybrid)";"Spatula clypeata x Anas platyrhynchos";"Northern Shoveler x Mallard";H;hybrid
01810;1120;Segland;"Mareca falcata";"Falcated Duck";E;art
01820;1130;Knarand;"Mareca strepera";Gadwall;A;art
01790;1140;Pibeand;"Mareca penelope";"Eurasian Wigeon";A;art
01794;1150;"Pibeand x Gråand (hybrid)";"Mareca penelope x Anas platyrhynchos";"Eurasian Wigeon x Mallard";H;hybrid
01793;1160;"Pibeand x Krikand (hybrid)";"Mareca penelope x Anas crecca";"Eurasian Wigeon x Eurasian Teal";H;hybrid
01800;1170;"Amerikansk Pibeand";"Mareca americana";"American Wigeon";AU;art
01808;1180;"Amerikansk Pibeand x Pibeand (hybrid)";"Mareca americana x M. penelope";"American Wigeon x Eurasian Wigeon";HU;hybrid
25800;1190;Chilepibeand;"Mareca sibilatrix";"Chiloe Wigeon";E;art
01797;1200;"Pibeand x Knarand (hybrid)";"Mareca penelope x M. strepera";"Eurasian Wigeon x Gadwall";H;hybrid
01798;1210;"Pibeand x Chilepibeand (hybrid)";"Mareca penelope x M. sibilatrix";"Eurasian Wigeon x Chiloe Wigeon";H;hybrid
01799;1220;Pibeand/Spidsand;"Mareca penelope/Anas acuta";"Eurasian Wigeon/Pintail";H;ubestemt
01860;1230;Gråand;"Anas platyrhynchos";Mallard;A;art
01895;1240;"Gråand x Knarand (hybrid)";"Anas platyrhynchos x Mareca strepera";"Mallard x Gadwall";H;hybrid
01870;1250;"Sortbrun And";"Anas rubripes";"American Black Duck";AU;art
01867;1260;"Gråand x Ederfugl (hybrid)";"Anas platyrhynchos x Somateria mollissima";"Mallard x Common Eider";H;hybrid
01868;1270;"Gråand x Troldand (hybrid)";"Anas platyrhynchos x Aythya fuligula";"Mallard x Tufted Duck";H;hybrid
01866;1280;"Gråand x Moskusand (hybrid)";"Anas platyrhynchos x Cairina moschata";"Mallard x Muscovy Duck";H;hybrid
01869;1290;"Gråand x svømmeand sp. (hybrid)";"Anas platyrhynchos x Mareca/Anas/Spatula sp.";"Mallard x Dabbling Duck sp.";H;hybrid
01890;1300;Spidsand;"Anas acuta";"Northern Pintail";A;art
01893;1310;"Spidsand x Pibeand (hybrid)";"Anas acuta x Mareca penelope";"Northern Pintail x Eurasian Wigeon";H;hybrid
01894;1320;"Spidsand x Gråand (hybrid)";"Anas acuta x A. platyrhynchos";"Northern Pintail x Mallard";H;hybrid
01840;1330;Krikand;"Anas crecca";"Eurasian Teal";A;art
01845;1340;"Krikand, Amerikansk (ssp. carolinensis)";"Anas crecca carolinensis";"Teal, Green-winged (ssp. carolinensis)";AS;underart
01843;1350;"Krikand x Gråand (hybrid)";"Anas crecca x A. platyrhynchos";"Eurasian Teal x Mallard";H;hybrid
01844;1360;"Krikand x Amerikansk Krikand (hybrid)";"Anas crecca x A. carolinensis";"Eurasian Teal x Green-winged Teal";H;hybrid
01949;1370;"Svømmeand sp.";"Mareca/Anas/Spatula sp.";"Dabbling Duck sp.";H;ubestemt
03350;1380;Tjur;"Tetrao urogallus";"Western Capercaillie";E;art
03320;1390;Urfugl;"Lyrurus tetrix";"Black Grouse";AU;art
03670;1400;Agerhøne;"Perdix perdix";"Grey Partridge";A;art
03930;1410;Kongefasan;"Syrmaticus reevesii";"Reeves's Pheasant";E;art
03960;1420;Guldfasan;"Chrysolophus pictus";"Golden Pheasant";E;art
03940;1430;Fasan;"Phasianus colchicus";"Common Pheasant";C;art
35670;1440;Påfugl;"Pavo cristatus";"Indian Peafowl";E;art
03700;1450;Vagtel;"Coturnix coturnix";"Common Quail";A;art
03580;1460;Rødhøne;"Alectoris rufa";"Red-legged Partridge";E;art
03550;1470;Chukarhøne;"Alectoris chukar";"Chukar Partridge";E;art
01480;1480;"Lille Flamingo";"Phoeniconaias minor";"Lesser Flamingo";E;art
01489;1490;"Flamingo sp.";Phoenicopteridae;"Flamingo sp.";H;ubestemt
01475;1500;Chileflamingo;"Phoenicopterus chilensis";"Chilean Flamingo";E;art
01472;1510;"Stor Flamingo";"Phoenicopterus roseus";"Greater Flamingo";DU;art
01471;1520;Cariberflamingo;"Phoenicopterus ruber";"American Flamingo";E;art
01470;1530;"Stor Flamingo/Cariberflamingo";"Phoenicopterus roseus/P. ruber";"Greater Flamingo/American Flamingo";H;ubestemt
00070;1540;"Lille Lappedykker";"Tachybaptus ruficollis";"Little Grebe";A;art
00110;1550;"Nordisk Lappedykker";"Podiceps auritus";"Horned Grebe";A;art
00119;1560;"Nordisk Lappedykker/Sorthalset Lappedykker";"Podiceps auritus/P. nigricollis";"Horned Grebe/Black-necked Grebe";H;ubestemt
00100;1570;"Gråstrubet Lappedykker";"Podiceps grisegena";"Red-necked Grebe";A;art
00090;1580;"Toppet Lappedykker";"Podiceps cristatus";"Great Crested Grebe";A;art
00099;1590;"Toppet Lappedykker/Gråstrubet Lappedykker";"Podiceps cristatus/P. grisegena";"Great Crested Grebe/Red-necked Grebe";H;ubestemt
00120;1600;"Sorthalset Lappedykker";"Podiceps nigricollis";"Black-necked Grebe";A;art
00139;1610;"Lappedykker sp.";Podicipedidae;"Grebe sp.";H;ubestemt
04460;1620;Stortrappe;"Otis tarda";"Great Bustard";AU;art
04445;1630;"Østlig Kravetrappe";"Chlamydotis macqueenii";"Macqueen's Bustard";BU;art
04420;1640;Dværgtrappe;"Tetrax tetrax";"Little Bustard";AU;art
07160;1650;Skadegøg;"Clamator glandarius";"Great Spotted Cuckoo";AU;art
07280;1660;"Gulnæbbet Gøg";"Coccyzus americanus";"Yellow-billed Cuckoo";BU;art
07270;1670;"Sortnæbbet Gøg";"Coccyzus erythropthalmus";"Black-billed Cuckoo";AU;art
07240;1680;Gøg;"Cuculus canorus";"Common Cuckoo";A;art
06630;1690;Steppehøne;"Syrrhaptes paradoxus";"Pallas's Sandgrouse";AU;art
06950;1700;Sørgedue;"Zenaida macroura";"Mourning Dove";AU;art
06890;1710;"Østlig Turteldue";"Streptopelia orientalis";"Oriental Turtle Dove";AU;art
06870;1720;Turteldue;"Streptopelia turtur";"European Turtle Dove";AS;art
06840;1730;Tyrkerdue;"Streptopelia decaocto";"Eurasian Collared Dove";A;art
06700;1740;Ringdue;"Columba palumbus";"Common Wood Pigeon";A;art
06650;1750;"Klippedue (tamdue)";"Columba livia";"Rock Dove";C;art
06680;1760;Huldue;"Columba oenas";"Stock Dove";A;art
07069;1770;"Due sp.";Columbidae;"Dove/Pigeon sp.";H;ubestemt
04360;1780;Prærietrane;"Antigone canadensis";"Sandhill Crane";AU;art
04410;1790;Jomfrutrane;"Grus virgo";"Demoiselle Crane";AU;art
04380;1800;"Japansk Trane";"Grus japonensis";"Red-crowned Crane";E;art
04385;1805;"Trane x Japansk Trane (hybrid)";"Grus grus x G. japonensis";"Common Crane x Red-crowned Crane (hybrid)";H;hybrid
04330;1810;Trane;"Grus grus";"Common Crane";A;art
04409;1820;"Trane sp.";"Grus/Antigone sp.";"Crane sp.";H;ubestemt
04419;1830;"Stork/Trane sp.";"Ciconia/Grus/Antigone sp.";"Stork/Crane sp.";H;ubestemt
04070;1840;Vandrikse;"Rallus aquaticus";"Water Rail";A;art
04210;1850;Engsnarre;"Crex crex";"Corn Crake";A;art
04080;1860;"Plettet Rørvagtel";"Porzana porzana";"Spotted Crake";AS;art
04240;1870;Rørhøne;"Gallinula chloropus";"Common Moorhen";A;art
04290;1880;Blishøne;"Fulica atra";"Eurasian Coot";A;art
04298;1890;"Blishøne x Rørhøne (hybrid)";"Fulica atra x Gallinula chloropus";"Eurasian Coot x Common Moorhen";H;hybrid
04250;1900;"Lille Sultanhøne";"Porphyrio alleni";"Allen's Gallinule";BU;art
04270;1910;Sultanhøne;"Porphyrio porphyrio";"Western Swamphen";E;art
04100;1920;"Lille Rørvagtel";"Zapornia parva";"Little Crake";AU;art
04110;1930;Dværgrørvagtel;"Zapornia pusilla";"Baillon's Crake";AU;art
04169;1940;"Rørvagtel sp.";"Porzana/Zapornia sp.";"Crake sp.";H;ubestemt
04590;1950;Triel;"Burhinus oedicnemus";"Eurasian Stone-curlew";AU;art
04560;1960;Klyde;"Recurvirostra avosetta";"Pied Avocet";A;art
04550;1970;Stylteløber;"Himantopus himantopus";"Black-winged Stilt";AS;art
04500;1980;Strandskade;"Haematopus ostralegus";"Eurasian Oystercatcher";A;art
04860;1990;Strandhjejle;"Pluvialis squatarola";"Grey Plover";A;art
04850;2000;Hjejle;"Pluvialis apricaria";"European Golden Plover";A;art
04840;2010;"Amerikansk Hjejle";"Pluvialis dominica";"American Golden Plover";AU;art
04845;2020;"Sibirisk Hjejle";"Pluvialis fulva";"Pacific Golden Plover";AU;art
04848;2030;"Amerikansk Hjejle/Sibirisk Hjejle";"Pluvialis fulva/P. dominica";"Pacific Golden Plover/American Golden Plover";HU;ubestemt
04820;2040;Pomeransfugl;"Eudromias morinellus";"Eurasian Dotterel";AS;art
04700;2050;"Stor Præstekrave";"Charadrius hiaticula";"Common Ringed Plover";A;art
04701;2060;"Stor Præstekrave (ssp. hiaticula)";"Charadrius hiaticula hiaticula";"Common Ringed Plover (ssp. hiaticula)";A;underart
04702;2070;"Stor Præstekrave, Tundra (ssp. tundrae)";"Charadrius hiaticula tundrae";"Common Ringed Plover (ssp. tundrae)";A;underart
04690;2080;"Lille Præstekrave";"Thinornis dubius";"Little Ringed Plover";A;art
04930;2090;Vibe;"Vanellus vanellus";"Northern Lapwing";A;art
04870;2100;Sporevibe;"Vanellus spinosus";"Spur-winged Lapwing";EU;art
04910;2110;Steppevibe;"Vanellus gregarius";"Sociable Lapwing";AU;art
04920;2120;Sumpvibe;"Vanellus leucurus";"White-tailed Lapwing";AU;art
04800;2130;"Kaspisk Præstekrave";"Anarhynchus asiaticus";"Caspian Plover";AU;art
04780;2140;"Tibetansk Præstekrave";"Anarhynchus atrifrons";"Tibetan Sand Plover";AU;art
04786;2150;"Sibirisk Præstekrave";"Anarhynchus mongolus";"Siberian Sand Plover";AU;art
04790;2160;Ørkenpræstekrave;"Anarhynchus leschenaultii";"Greater Sand Plover";AU;art
04795;2170;"Ørken-/Tibetansk/Sibirisk Præstekrave";"Anarhynchus leschenaultii/atrifrons/mongolus";"Greater/Tibetan/Siberian Sand Plover";HU;ubestemt
04770;2180;"Hvidbrystet Præstekrave";"Anarhynchus alexandrinus";"Kentish Plover";AS;art
04939;2190;"Brokfugl sp.";Charadriinae;"Lapwing/Plover sp.";H;ubestemt
05440;2200;Bartramsklire;"Bartramia longicauda";"Upland Sandpiper";AU;art
05380;2210;Småspove;"Numenius phaeopus";"Eurasian Whimbrel";A;art
05410;2220;Storspove;"Numenius arquata";"Eurasian Curlew";A;art
05439;2230;"Spove sp.";"Numenius sp.";"Whimbrel/Curlew sp.";H;ubestemt
05340;2240;"Lille Kobbersneppe";"Limosa lapponica";"Bar-tailed Godwit";A;art
05320;2250;"Stor Kobbersneppe";"Limosa limosa";"Black-tailed Godwit";A;art
05322;2260;"Stor Kobbersneppe, Islandsk (ssp. islandica)";"Limosa limosa islandica";"Black-tailed Godwit (ssp. islandica)";A;underart
05321;2270;"Stor Kobbersneppe (ssp. limosa)";"Limosa limosa limosa";"Black-tailed Godwit (ssp. limosa)";A;underart
05330;2280;"Canadisk Kobbersneppe";"Limosa haemastica";"Hudsonian Godwit";AU;art
05270;2290;"Langnæbbet Sneppeklire";"Limnodromus scolopaceus";"Long-billed Dowitcher";AU;art
05289;2300;"Sneppeklire sp.";"Limnodromus sp.";"Dowitcher sp.";HU;ubestemt
05180;2310;Enkeltbekkasin;"Lymnocryptes minimus";"Jack Snipe";A;art
05290;2320;Skovsneppe;"Scolopax rusticola";"Eurasian Woodcock";A;art
05200;2330;Tredækker;"Gallinago media";"Great Snipe";AS;art
05190;2340;Dobbeltbekkasin;"Gallinago gallinago";"Common Snipe";A;art
05550;2350;Terekklire;"Xenus cinereus";"Terek Sandpiper";AU;art
05560;2360;Mudderklire;"Actitis hypoleucos";"Common Sandpiper";A;art
05570;2370;"Plettet Mudderklire";"Actitis macularius";"Spotted Sandpiper";AU;art
05630;2380;"Amerikansk Svømmesneppe";"Phalaropus tricolor";"Wilson's Phalarope";AU;art
05650;2390;Thorshane;"Phalaropus fulicarius";"Red Phalarope";AS;art
05640;2400;Odinshane;"Phalaropus lobatus";"Red-necked Phalarope";AS;art
05649;2410;Odinshane/Thorshane;"Phalaropus lobatus/P. fulicarius";"Red-necked Phalarope/Red Phalarope";H;ubestemt
05530;2420;Svaleklire;"Tringa ochropus";"Green Sandpiper";A;art
05470;2430;Damklire;"Tringa stagnatilis";"Marsh Sandpiper";AS;art
05540;2440;Tinksmed;"Tringa glareola";"Wood Sandpiper";A;art
05460;2450;Rødben;"Tringa totanus";"Common Redshank";A;art
05462;2460;"Rødben, Islandsk (ssp. robusta)";"Tringa totanus robusta";"Common Redshank (ssp. robusta)";A;underart
05461;2470;"Rødben (ssp. totanus)";"Tringa totanus totanus";"Common Redshank (ssp. totanus)";A;underart
05459;2480;Sortklire/Rødben;"Tringa erythropus/T. totanus";"Spotted Redshank/Common Redshank";H;ubestemt
05510;2490;"Lille Gulben";"Tringa flavipes";"Lesser Yellowlegs";AU;art
05450;2500;Sortklire;"Tringa erythropus";"Spotted Redshank";A;art
05480;2510;Hvidklire;"Tringa nebularia";"Common Greenshank";A;art
05500;2520;"Stor Gulben";"Tringa melanoleuca";"Greater Yellowlegs";AU;art
05610;2530;Stenvender;"Arenaria interpres";"Ruddy Turnstone";A;art
04960;2540;"Islandsk Ryle";"Calidris canutus";"Red Knot";A;art
04961;2550;"Islandsk Ryle, Sibirisk (ssp. canutus)";"Calidris canutus canutus";"Red Knot (ssp. canutus)";A;underart
04962;2560;"Islandsk Ryle, Baffinryle (ssp. islandica)";"Calidris canutus islandica";"Red Knot (ssp. islandica)";A;underart
04969;2570;"Islandsk Ryle/Lille Kobbersneppe";"Calidris canutus/limosa lapponica";"Red Knot/Bar-Tailed Godwit";H;ubestemt
05170;2580;Brushane;"Calidris pugnax";Ruff;A;art
05080;2590;"Spidshalet Ryle";"Calidris acuminata";"Sharp-tailed Sandpiper";AU;art
05140;2600;Kærløber;"Calidris falcinellus";"Broad-billed Sandpiper";AS;art
05090;2610;"Krumnæbbet Ryle";"Calidris ferruginea";"Curlew Sandpiper";A;art
05150;2620;Klireryle;"Calidris himantopus";"Stilt Sandpiper";AU;art
05000;2630;"Rødhalset Ryle";"Calidris ruficollis";"Red-necked Stint";AU;art
05020;2640;Temmincksryle;"Calidris temminckii";"Temminck's Stint";A;art
05160;2650;Prærieløber;"Calidris subruficollis";"Buff-breasted Sandpiper";AU;art
04970;2660;Sandløber;"Calidris alba";Sanderling;A;art
05120;2670;"Almindelig Ryle";"Calidris alpina";Dunlin;A;art
05123;2680;"Almindelig Ryle, Engryle (ssp. schinzii)";"Calidris alpina schinzii";"Dunlin (ssp. schinzii)";A;underart
05121;2690;"Almindelig Ryle, Nordlig (ssp. alpina)";"Calidris alpina alpina";"Dunlin (ssp. alpina)";A;underart
05100;2700;"Sortgrå Ryle";"Calidris maritima";"Purple Sandpiper";A;art
05060;2710;Bairdsryle;"Calidris bairdii";"Baird's Sandpiper";AU;art
05070;2720;"Stribet Ryle";"Calidris melanotos";"Pectoral Sandpiper";AS;art
04980;2730;"Tyknæbbet Dværgryle";"Calidris pusilla";"Semipalmated Sandpiper";AU;art
05129;2740;"Ryle sp.";"Calidris sp.";"Sandpiper sp.";H;ubestemt
05010;2750;Dværgryle;"Calidris minuta";"Little Stint";A;art
05018;2760;Dværgryle/Temmincksryle;"Calidris minuta/C. temminckii";"Little Stint/Temminck´s Stint";H;ubestemt
05050;2770;"Hvidrygget Ryle";"Calidris fuscicollis";"White-rumped Sandpiper";AU;art
04640;2780;Ørkenløber;"Cursorius cursor";"Cream-colored Courser";AU;art
04660;2790;Orientbraksvale;"Glareola maldivarum";"Oriental Pratincole";AU;art
04670;2800;"Sortvinget Braksvale";"Glareola nordmanni";"Black-winged Pratincole";AU;art
04650;2810;"Rødvinget Braksvale";"Glareola pratincola";"Collared Pratincole";AU;art
04689;2820;"Braksvale sp.";"Glareola sp.";"Pratincole sp.";HU;ubestemt
05658;2830;"Vader sp., Stor";"Charadrii sp.";"Limicolae (Larger)";H;ubestemt
05659;2840;"Vader sp., Lille";"Charadrii sp.";"Limicolae (Smaller)";H;ubestemt
05670;2850;"Almindelig Kjove";"Stercorarius parasiticus";"Parasitic Jaeger";A;art
05679;2860;"Almindelig Kjove/Lille Kjove";"Stercorarius parasiticus/S. longicaudus";"Parasitic Jaeger/Long-tailed Jaeger";H;ubestemt
05680;2870;"Lille Kjove";"Stercorarius longicaudus";"Long-tailed Jaeger";AS;art
05660;2880;Mellemkjove;"Stercorarius pomarinus";"Pomarine Jaeger";AS;art
05669;2890;"Mellemkjove/Almindelig Kjove";"Stercorarius pomarinus/S. parasiticus";"Pomarine Jaeger/Parasitic Jaeger";H;ubestemt
05690;2900;Storkjove;"Stercorarius skua";"Great Skua";A;art
05709;2910;"Kjove sp.";Stercorariini;"Jaeger/Skua sp.";H;ubestemt
06540;2920;Lunde;"Fratercula arctica";"Atlantic Puffin";AS;art
06380;2930;Tejst;"Cepphus grylle";"Black Guillemot";A;art
06386;2940;"Tejst, Arktisk (ssp. mandtii)";"Cepphus grylle mandtii";"Black Guillemot (ssp. mandtii)";U;underart
06385;2950;"Tejst, Atlantisk (ssp. arcticus)";"Cepphus grylle arcticus";"Black Guillemot (ssp. arcticus)";A;underart
06381;2960;"Tejst, Baltisk (ssp. grylle)";"Cepphus grylle grylle";"Black Guillemot (ssp. grylle)";A;underart
06360;2970;Alk;"Alca torda";Razorbill;A;art
06361;2980;"Alk, Nordlig (ssp. torda)";"Alca torda torda";"Razorbill (ssp. torda)";A;underart
06362;2990;"Alk, Atlantisk (ssp. islandica)";"Alca torda islandica";"Razorbill (ssp. islandica)";A;underart
06470;3000;Søkonge;"Alle alle";"Little Auk";AS;art
06350;3010;Polarlomvie;"Uria lomvia";"Thick-billed Murre";AU;art
06340;3020;Lomvie;"Uria aalge";"Common Murre";A;art
06341;3030;"Lomvie, Nordlig (ssp. aalge)";"Uria aalge aalge";"Common Murre (ssp. aalge)";A;underart
06343;3040;"Lomvie, Arktisk (ssp. hyperborea)";"Uria aalge hyperborea";"Common Murre (ssp. hyperborea)";AU;underart
06342;3050;"Lomvie, Britisk (ssp. albionis)";"Uria aalge albionis";"Common Murre (ssp. albionis)";A;underart
06369;3060;Lomvie/Alk;"Uria aalge/Alca torda";"Common Murre/Razorbill";H;ubestemt
06569;3070;"Alkefugl sp.";Alcinae;"Auk sp.";H;ubestemt
06220;3080;Brilleterne;"Onychoprion anaethetus";"Bridled Tern";AU;art
06240;3090;Dværgterne;"Sternula albifrons";"Little Tern";A;art
06060;3100;Rovterne;"Hydroprogne caspia";"Caspian Tern";A;art
06050;3110;Sandterne;"Gelochelidon nilotica";"Gull-billed Tern";AS;art
06260;3120;"Hvidskægget Terne";"Chlidonias hybrida";"Whiskered Tern";AU;art
06280;3130;"Hvidvinget Terne";"Chlidonias leucopterus";"White-winged Tern";AS;art
06270;3140;Sortterne;"Chlidonias niger";"Black Tern";A;art
06289;3150;"Moseterne sp.";"Chlidonias sp.";"Tern sp. (Chlidonias)";H;ubestemt
06110;3160;Splitterne;"Thalasseus sandvicensis";"Sandwich Tern";A;art
06120;3170;Aztekerterne;"Thalasseus elegans";"Elegant Tern";AU;art
06160;3180;Havterne;"Sterna paradisaea";"Arctic Tern";A;art
06150;3190;Fjordterne;"Sterna hirundo";"Common Tern";A;art
06159;3200;Fjordterne/Havterne;"Sterna hirundo/S. paradisaea";"Common Tern/Arctic Tern";H;ubestemt
06140;3210;Rosenterne;"Sterna dougallii";"Roseate Tern";AU;art
06259;3220;"Terne sp.";"Sterna/Clidonias/etc sp.";"Tern sp.";H;ubestemt
05780;3230;Dværgmåge;"Hydrocoloeus minutus";"Little Gull";A;art
06010;3240;Rosenmåge;"Rhodostethia rosea";"Ross's Gull";AU;art
06020;3250;Ride;"Rissa tridactyla";"Black-legged Kittiwake";A;art
05790;3260;Sabinemåge;"Xema sabini";"Sabine's Gull";AS;art
06040;3270;Ismåge;"Pagophila eburnea";"Ivory Gull";AU;art
05850;3280;"Tyndnæbbet Måge";"Chroicocephalus genei";"Slender-billed Gull";AU;art
05810;3290;Bonapartemåge;"Chroicocephalus philadelphia";"Bonaparte's Gull";AU;art
05820;3300;Hættemåge;"Chroicocephalus ridibundus";"Black-headed Gull";A;art
05760;3310;Lattermåge;"Leucophaeus atricilla";"Laughing Gull";AU;art
05770;3320;Præriemåge;"Leucophaeus pipixcan";"Franklin's Gull";AU;art
05730;3330;"Stor Sorthovedet Måge";"Ichthyaetus ichthyaetus";"Pallas's Gull";AU;art
05880;3340;Audouinsmåge;"Ichthyaetus audouinii";"Audouin's Gull";AU;art
05750;3350;"Sorthovedet Måge";"Ichthyaetus melanocephalus";"Mediterranean Gull";A;art
05758;3360;"Sorthovedet Måge x Hættemåge (hybrid)";"Ichthyaetus melanocephalus x Chroicocephalus ridibundus";"Mediterranean Gull x Black-headed Gull";H;hybrid
05890;3370;"Ringnæbbet Måge";"Larus delawarensis";"Ring-billed Gull";AU;art
05900;3380;Stormmåge;"Larus canus";"Common Gull";A;art
05901;3390;"Stormmåge (ssp. canus)";"Larus canus canus";"Common Gull (ssp. canus)";A;underart
05902;3400;"Stormmåge, Russisk (ssp. heinei)";"Larus canus heinei";"Common Gull (ssp. heinei)";AS;underart
05930;3410;"Kaspisk Måge";"Larus cachinnans";"Caspian Gull";A;art
05920;3420;Sølvmåge;"Larus argentatus";"European Herring Gull";A;art
05935;3430;"Sølvmåge x Kaspisk Måge (hybrid)";"Larus argentatus x L. cachinnans";"European Herring Gull x Caspian Gull";H;hybrid
05918;3440;"Sølvmåge x Sildemåge (hybrid)";"Larus argentatus x L. fuscus";"European Herring Gull x Lesser Black-backed Gull";H;hybrid
05999;3450;"Sølvmåge x Gråmåge (hybrid)";"Larus argentatus x L. hyperboreus";"European Herring Gull x Glaucous Gull";H;hybrid
05928;3460;"Sølvmåge, Britisk (ssp. argenteus)";"Larus argentatus argenteus";"European Herring Gull (ssp. argenteus)";A;underart
05921;3470;"Sølvmåge, Skandinavisk (ssp. argentatus)";"Larus argentatus argentatus";"European Herring Gull (ssp. argentatus)";A;underart
05915;3480;Middelhavssølvmåge;"Larus michahellis";"Yellow-legged Gull";AS;art
05919;3490;"Armensk Måge";"Larus armenicus";"Armenian Gull";AU;art
06000;3500;Svartbag;"Larus marinus";"Great Black-backed Gull";A;art
05990;3510;Gråmåge;"Larus hyperboreus";"Glaucous Gull";AS;art
05910;3520;Sildemåge;"Larus fuscus";"Lesser Black-backed Gull";A;art
05912;3530;"Sildemåge, Britisk (ssp. graellsii)";"Larus fuscus graellsii";"Lesser Black-backed Gull (ssp. graellsii)";A;underart
05913;3540;"Sildemåge, Nordsøsildemåge (ssp. intermedius)";"Larus fuscus intermedius";"Lesser Black-backed Gull (ssp. intermedius)";A;underart
05911;3550;"Sildemåge, Baltisk (ssp. fuscus)";"Larus fuscus fuscus";"Lesser Black-backed Gull (ssp. fuscus)";AS;underart
05922;3560;"Sildemåge, Sibirisk Måge (ssp. heuglini)";"Larus fuscus heuglini";"Lesser Black-backed Gull (ssp. heuglini)";AU;underart
05960;3570;"Gråvinget Måge";"Larus glaucescens";"Glaucous-winged Gull";AU;art
05980;3580;"Hvidvinget Måge";"Larus glaucoides";"Iceland Gull";AS;art
05981;3590;"Hvidvinget Måge (ssp. glaucoides)";"Larus glaucoides glaucoides";"Iceland Gull (ssp. glaucoides)";AS;underart
05982;3600;"Hvidvinget Måge, Baffinmåge (ssp. kumlieni)";"Larus glaucoides kumlieni";"Iceland Gull (ssp. kumlieni)";AU;underart
05983;3610;"Hvidvinget Måge, Inuitmåge (ssp. thayeri)";"Larus glaucoides thayeri";"Iceland Gull (ssp. thayeri)";AU;underart
06049;3620;"Måge sp.";Larini;"Gull sp.";H;ubestemt
00020;3630;"Rødstrubet Lom";"Gavia stellata";"Red-throated Loon";A;art
00040;3640;Islom;"Gavia immer";"Common Loon";AS;art
00050;3650;"Hvidnæbbet Lom";"Gavia adamsii";"Yellow-billed Loon";AS;art
00049;3660;"Islom/Hvidnæbbet Lom";"Gavia immer/G. adamsii";"Common Loon/Yellow-billed Loon";H;ubestemt
00033;3670;Stillehavslom;"Gavia pacifica";"Pacific Loon";AU;art
00030;3680;"Sortstrubet Lom";"Gavia arctica";"Black-throated Loon";A;art
00029;3690;"Rødstrubet Lom/Sortstrubet Lom";"Gavia stellata/G. arctica";"Red-throated Loon/Black-throated Loon";H;ubestemt
00059;3700;"Lom sp.";Gaviidae;"Loon sp.";H;ubestemt
00140;3710;"Sortbrynet Albatros";"Thalassarche melanophris";"Black-browed Albatross";AU;art
00209;3720;"Albatros sp.";Diomedeidae;"Albatross sp.";HU;ubestemt
00500;3730;"Wilsons Stormsvale";"Oceanites oceanicus";"Wilson's Storm Petrel";AU;art
00520;3740;"Lille Stormsvale";"Hydrobates pelagicus";"European Storm Petrel";AS;art
00550;3750;"Stor Stormsvale";"Hydrobates leucorhous";"Leach's Storm Petrel";AS;art
00639;3760;"Stormsvale sp.";Hydrobatidae;"Storm Petrel sp.";H;ubestemt
00220;3770;Mallemuk;"Fulmarus glacialis";"Northern Fulmar";A;art
00259;3780;"Madeira/Kap Verde/Desertas Petrel";"Pterodroma madeira/feae/deserta";"Zino's/Fea's/Desertas Petrel";HU;ubestemt
00361;3790;"Scopolis Skråpe";"Calonectris diomedea";"Scopoli's Shearwater";AU;art
00362;3800;"Atlantisk Skråpe";"Calonectris borealis";"Cory's Shearwater";AU;art
00360;3810;"Atlantisk Skråpe/Scopolis Skråpe";"Calonectris borealis/C. diomedea";"Cory's Shearwater/Scopolis Shearwater";HU;ubestemt
00369;3820;Atlantisk/Scopolis/Storskråpe;"Calonectris borealis/C. diomedea/Puffinus gravis";"Cory's/Scopolis/Great Shearwater";HU;ubestemt
00430;3830;"Sodfarvet Skråpe";"Ardenna grisea";"Sooty Shearwater";AS;art
00400;3840;Storskråpe;"Ardenna gravis";"Great Shearwater";AU;art
00460;3850;"Almindelig Skråpe";"Puffinus puffinus";"Manx Shearwater";AS;art
00459;3860;"Middelhavsskråpe/Almindelig Skråpe";"Puffinus yelkouan/P. puffinus";"Mediterranean Shearwater/Manx Shearwater";H;ubestemt
00462;3870;Middelhavsskråpe;"Puffinus yelkouan";"Mediterranean Shearwater";AU;art
00455;3880;"Middelhavsskråpe, Balearisk (ssp. mauretanicus)";"Puffinus yelkouan mauretanicus";"Mediterranean Shearwater (ssp. mauretanicus)";AU;underart
00490;3890;Tropeskråpe;"Puffinus lherminieri";"Audubon's Shearwater";AU;art
00499;3900;"Skråpe sp.";Procellariidae;"Shearwater sp.";H;ubestemt
01310;3910;"Sort Stork";"Ciconia nigra";"Black Stork";AS;art
01340;3920;"Hvid Stork";"Ciconia ciconia";"White Stork";A;art
01359;3930;"Stork sp.";Ciconiidae;"Stork sp.";H;ubestemt
00930;3940;Pragtfregatfugl;"Fregata magnificens";"Magnificent Frigatebird";AU;art
00710;3950;Sule;"Morus bassanus";"Northern Gannet";A;art
00700;3960;"Brun Sule";"Sula leucogaster";"Brown Booby";AU;art
00820;3970;Dværgskarv;"Microcarbo pygmaeus";"Pygmy Cormorant";AU;art
00800;3980;Topskarv;"Gulosus aristotelis";"European Shag";AS;art
00720;3990;Skarv;"Phalacrocorax carbo";"Great Cormorant";A;art
00721;4000;"Skarv, Storskarv (ssp. carbo)";"Phalacrocorax carbo carbo";"Great Cormorant (ssp. carbo)";A;underart
00722;4010;"Skarv, Mellemskarv (ssp. sinensis)";"Phalacrocorax carbo sinensis";"Great Cormorant (ssp. sinensis)";A;underart
00849;4020;"Skarv sp.";Phalacrocoracidae;"Cormorant/Shag sp.";H;ubestemt
01360;4030;"Sort Ibis";"Plegadis falcinellus";"Glossy Ibis";AS;art
01370;4040;Eremitibis;"Geronticus eremita";"Northern Bald Ibis";EU;art
34130;4050;"Afrikansk Skestork";"Platalea alba";"African Spoonbill";E;art
01440;4060;Skestork;"Platalea leucorodia";"Eurasian Spoonbill";A;art
01420;4070;"Hellig Ibis";"Threskiornis aethiopicus";"African Sacred Ibis";EU;art
00880;4080;"Hvid Pelikan";"Pelecanus onocrotalus";"Great White Pelican";DU;art
00900;4090;Rosapelikan;"Pelecanus rufescens";"Pink-backed Pelican";E;art
00890;4100;"Krøltoppet Pelikan";"Pelecanus crispus";"Dalmatian Pelican";AU;art
00919;4110;"Pelikan sp.";Pelecanidae;"Pelican sp.";HU;ubestemt
00950;4120;Rørdrum;"Botaurus stellaris";"Eurasian Bittern";A;art
00960;4130;"Amerikansk Rørdrum";"Botaurus lentiginosus";"American Bittern";AU;art
00980;4140;Dværghejre;"Botaurus minutus";"Little Bittern";AU;art
01190;4150;Silkehejre;"Egretta garzetta";"Little Egret";AS;art
01040;4160;Nathejre;"Nycticorax nycticorax";"Black-crowned Night Heron";AU;art
01080;4170;Tophejre;"Ardeola ralloides";"Squacco Heron";AU;art
01210;4180;Sølvhejre;"Ardea alba";"Great Egret";A;art
01110;4190;Kohejre;"Ardea ibis";"Western Cattle Egret";AS;art
01219;4200;"Hejre sp. (hvid)";Ardeidae;"Egret/Heron sp. (white)";H;ubestemt
01240;4210;Purpurhejre;"Ardea purpurea";"Purple Heron";AU;art
01220;4220;Fiskehejre;"Ardea cinerea";"Grey Heron";A;art
01259;4230;"Hejre sp.";Ardeidae;"Heron sp.";H;ubestemt
07780;4240;Natravn;"Caprimulgus europaeus";"European Nightjar";A;art
07810;4250;Ørkennatravn;"Caprimulgus aegyptius";"Egyptian Nightjar";AU;art
07920;4260;Tornhalesejler;"Hirundapus caudacutus";"White-throated Needletail";AU;art
07980;4270;Alpesejler;"Tachymarptis melba";"Alpine Swift";AU;art
07970;4280;Orientsejler;"Apus pacificus";"Pacific Swift";AU;art
07990;4290;Kaffersejler;"Apus caffer";"White-rumped Swift";AU;art
08000;4300;"Lille Sejler";"Apus affinis";"Little Swift";AU;art
07950;4310;Mursejler;"Apus apus";"Common Swift";A;art
07960;4320;Gråsejler;"Apus pallidus";"Pallid Swift";AU;art
08009;4330;"Sejler sp.";"Apus sp.";"Swift sp.";H;ubestemt
07350;4340;Slørugle;"Tyto alba";"Western Barn Owl";A;art
07351;4350;"Slørugle, Hvidbrystet (ssp. alba)";"Tyto alba alba";"Western Barn Owl (ssp. alba)";AU;underart
07352;4360;"Slørugle, Mørkbrystet (ssp. guttata)";"Tyto alba guttata";"Western Barn Owl (ssp. guttata)";A;underart
07700;4370;Perleugle;"Aegolius funereus";"Boreal Owl";AS;art
07570;4380;Kirkeugle;"Athene noctua";"Little Owl";AS;art
07500;4390;Høgeugle;"Surnia ulula";"Northern Hawk-Owl";AU;art
07510;4400;Spurveugle;"Glaucidium passerinum";"Eurasian Pygmy Owl";AU;art
07390;4410;Dværghornugle;"Otus scops";"Eurasian Scops Owl";AU;art
07680;4420;Mosehornugle;"Asio flammeus";"Short-eared Owl";A;art
07679;4430;Skovhornugle/Mosehornugle;"Asio otus/A. flammeus";"Long-eared Owl/Short-eared Owl";H;ubestemt
07670;4440;Skovhornugle;"Asio otus";"Long-eared Owl";A;art
07490;4450;Sneugle;"Bubo scandiacus";"Snowy Owl";AU;art
07440;4460;"Stor Hornugle";"Bubo bubo";"Eurasian Eagle-Owl";C;art
07610;4470;Natugle;"Strix aluco";"Tawny Owl";A;art
07719;4480;"Ugle sp.";Strigidae;"Owl sp.";H;ubestemt
02270;4490;Kalkungrib;"Cathartes aura";"Turkey Vulture";E;art
03010;4500;Fiskeørn;"Pandion haliaetus";"Western Osprey";A;art
02350;4510;"Blå Glente";"Elanus caeruleus";"Black-winged Kite";AU;art
02460;4520;Lammegrib;"Gypaetus barbatus";"Bearded Vulture";EU;art
02470;4530;Ådselgrib;"Neophron percnopterus";"Egyptian Vulture";AU;art
02310;4540;Hvepsevåge;"Pernis apivorus";"European Honey Buzzard";A;art
02320;4550;Tophvepsevåge;"Pernis ptilorhynchus";"Crested Honey Buzzard";AU;art
02550;4560;Munkegrib;"Aegypius monachus";"Cinereous Vulture";EU;art
02510;4570;Gåsegrib;"Gyps fulvus";"Griffon Vulture";AU;art
02530;4580;"Rüppells Grib";"Gyps rueppelli";"Rüppell's Vulture";E;art
02559;4590;"Grib sp.";"Gypeatus/Gyps/Aegypticus/Neophron sp.";"Vulture sp.";HU;ubestemt
02560;4600;Slangeørn;"Circaetus gallicus";"Short-toed Snake Eagle";AU;art
02930;4610;"Stor Skrigeørn";"Clanga clanga";"Greater Spotted Eagle";AU;art
02929;4620;"Lille Skrigeørn/Stor Skrigeørn";"Clanga pomarina/C. clanga";"Lesser Spotted Eagle/Greater Spotted Eagle";HS;ubestemt
02920;4630;"Lille Skrigeørn";"Clanga pomarina";"Lesser Spotted Eagle";AS;art
02980;4640;Dværgørn;"Hieraaetus pennatus";"Booted Eagle";AU;art
02945;4650;Steppeørn;"Aquila nipalensis";"Steppe Eagle";AU;art
02950;4660;Kejserørn;"Aquila heliaca";"Eastern Imperial Eagle";AU;art
02960;4670;Kongeørn;"Aquila chrysaetos";"Golden Eagle";AS;art
02990;4680;Høgeørn;"Aquila fasciata";"Bonelli's Eagle";AU;art
02979;4690;"Ørn sp.";"Aquila/Clanga/Haliaeetus/Hieraatus sp.";"Eagle sp.";H;ubestemt
02690;4700;Spurvehøg;"Accipiter nisus";"Eurasian Sparrowhawk";A;art
02670;4710;Duehøg;"Astur gentilis";"Northern Goshawk";A;art
02672;4720;"Duehøg, Russisk (ssp. buteoides)";"Astur gentilis buteoides";"Northern Goshawk (ssp. buteoides)";AU;underart
02749;4730;"Høg sp.";"Accipiter/Astur sp.";"Hawk sp.";H;ubestemt
02620;4740;Steppehøg;"Circus macrourus";"Pallid Harrier";AS;art
02610;4750;"Blå Kærhøg";"Circus cyaneus";"Hen Harrier";A;art
02615;4760;"Amerikansk Kærhøg";"Circus hudsonius";"Northern Harrier";AU;art
02630;4770;Hedehøg;"Circus pygargus";"Montagu's Harrier";A;art
02619;4780;"Blå Kærhøg x Steppehøg (hybrid)";"Circus cyaneus x C. macrourus";"Hen Harrier x Pallid Harrier";H;hybrid
02629;4790;Steppehøg/Hedehøg;"Circus macrourus/C. pygargus";"Pallid Harrier/Montagu's Harrier";H;ubestemt
02600;4800;Rørhøg;"Circus aeruginosus";"Western Marsh Harrier";A;art
02649;4810;"Kærhøg sp.";"Circus sp.";"Harrier sp.";H;ubestemt
02390;4820;"Rød Glente";"Milvus milvus";"Red Kite";A;art
02380;4830;"Sort Glente";"Milvus migrans";"Black Kite";AS;art
02382;4840;"Sort Glente, Gulnæbbet (ssp. parasitus)";"Milvus migrans parasitus";"Black Kite (ssp. parasitus)";DU;underart
02388;4850;"Sort Glente/Rød Glente";"Milvus migrans/M. milvus";"Black Kite/Red Kite";H;ubestemt
02389;4860;"Sort Glente x Rød Glente (hybrid)";"Milvus migrans x M. milvus";"Black Kite x Red Kite";H;hybrid
02450;4870;Beringhavørn;"Haliaeetus pelagicus";"Steller's Sea Eagle";EU;art
02430;4880;Havørn;"Haliaeetus albicilla";"White-tailed Eagle";A;art
02440;4890;"Hvidhovedet Havørn";"Haliaeetus leucocephalus";"Bald Eagle";EU;art
02900;4900;Fjeldvåge;"Buteo lagopus";"Rough-legged Buzzard";A;art
02870;4910;Musvåge;"Buteo buteo";"Common Buzzard";A;art
02872;4920;"Musvåge, Steppevåge (ssp. vulpinus)";"Buteo buteo vulpinus";"Common Buzzard (ssp. vulpinus)";AU;underart
02880;4930;Ørnevåge;"Buteo rufinus";"Long-legged Buzzard";AU;art
02919;4940;"Våge sp.";"Buteo sp.";"Buzzard sp.";H;ubestemt
08460;4950;Hærfugl;"Upupa epops";"Eurasian Hoopoe";AS;art
08410;4960;Ellekrage;"Coracias garrulus";"European Roller";AU;art
08400;4970;Biæder;"Merops apiaster";"European Bee-eater";AS;art
08390;4980;"Grøn Biæder";"Merops persicus";"Blue-cheeked Bee-eater";AU;art
08310;4990;Isfugl;"Alcedo atthis";"Common Kingfisher";A;art
08480;5000;Vendehals;"Jynx torquilla";"Eurasian Wryneck";A;art
08560;5010;Grønspætte;"Picus viridis";"European Green Woodpecker";A;art
08630;5020;Sortspætte;"Dryocopus martius";"Black Woodpecker";A;art
08500;5030;Guldspætte;"Colaptes auratus";"Northern Flicker";AU;art
08980;5040;"Tretået Spætte";"Picoides tridactylus";"Eurasian Three-toed Woodpecker";AU;art
08830;5050;Mellemflagspætte;"Dendrocoptes medius";"Middle Spotted Woodpecker";AS;art
08760;5060;"Stor Flagspætte";"Dendrocopos major";"Great Spotted Woodpecker";A;art
08761;5070;"Stor Flagspætte, Nordlig (ssp. major)";"Dendrocopos major major";"Great Spotted Woodpecker (ssp. major)";A;underart
08764;5080;"Stor Flagspætte, Sydlig (ssp. pinetorum)";"Dendrocopos major pinetorum";"Great Spotted Woodpecker (ssp. pinetorum)";A;underart
08769;5090;"Stor Flagspætte x Hvidrygget Flagspætte (hybrid)";"Dendrocopos major x D. leucotos";"Great Spotted Woodpecker x White-backed Woodpecker";HU;hybrid
08870;5100;"Lille Flagspætte";"Dryobates minor";"Lesser Spotted Woodpecker";A;art
08871;5110;"Lille Flagspætte, Nordlig (ssp. minor)";"Dryobates minor minor";"Lesser Spotted Woodpecker (ssp. minor)";A;underart
08876;5120;"Lille Flagspætte, Sydlig (ssp. hortorum)";"Dryobates minor hortorum";"Lesser Spotted Woodpecker (ssp. hortorum)";A;underart
09019;5130;"Spætte sp.";Picidae;"Woodpecker sp.";H;ubestemt
03030;5140;"Lille Tårnfalk";"Falco naumanni";"Lesser Kestrel";AU;art
03040;5150;Tårnfalk;"Falco tinnunculus";"Common Kestrel";A;art
03050;5160;"Amerikansk Tårnfalk";"Falco sparverius";"American Kestrel";BU;art
03070;5170;Aftenfalk;"Falco vespertinus";"Red-footed Falcon";AS;art
03090;5180;Dværgfalk;"Falco columbarius";Merlin;A;art
03110;5190;Eleonorafalk;"Falco eleonorae";"Eleonora's Falcon";AU;art
03100;5200;Lærkefalk;"Falco subbuteo";"Eurasian Hobby";A;art
03109;5210;Lærkefalk/Aftenfalk;"Falco subbuteo/F. vespertinus";"Eurasian Hobby/Red-footed Falcon";H;ubestemt
03200;5220;Vandrefalk;"Falco peregrinus";"Peregrine Falcon";A;art
03205;5230;"Vandrefalk, Sibirisk (ssp. calidus)";"Falco peregrinus calidus";"Peregrine Falcon (ssp. calidus)";AU;underart
03140;5240;Lannerfalk;"Falco biarmicus";"Lanner Falcon";DU;art
03180;5250;Jagtfalk;"Falco rusticolus";Gyrfalcon;AU;art
03160;5260;Slagfalk;"Falco cherrug";"Saker Falcon";AU;art
03189;5270;"Storfalk sp.";"Falco sp.";"Large Falcon sp.";H;ubestemt
03219;5280;"Falk sp.";"Falco sp.";"Falcon sp.";H;ubestemt
40010;5290;Nymfeparakit;"Nymphicus hollandicus";Cockatiel;E;art
07085;5300;Munkeparakit;"Myiopsitta monachus";"Monk Parakeet";E;art
07087;5305;Soldaterara;"Ara militaris";"Military Macaw";E;art
07135;5310;"Stor Alexanderparakit";"Psittacula eupatria";"Alexandrine Parakeet";E;art
07120;5320;Alexanderparakit;"Psittacula krameri";"Rose-ringed Parakeet";E;art
40000;5330;Undulat;"Melopsittacus undulatus";Budgerigar;E;art
07149;5340;"Papegøje sp.";Psittacidae;"Parakeet/Parrot sp.";H;ubestemt
16330;5350;"Rødøjet Vireo";"Vireo olivaceus";"Red-eyed Vireo";AU;art
15080;5360;Pirol;"Oriolus oriolus";"Eurasian Golden Oriole";AS;art
15200;5370;"Stor Tornskade";"Lanius excubitor";"Great Grey Shrike";A;art
15195;5380;"Stor Tornskade, Ørkentornskade (ssp. pallidirostris)";"Lanius excubitor pallidirostris";"Great Grey Shrike (ssp. pallidirostris)";AU;underart
15190;5390;"Rosenbrystet Tornskade";"Lanius minor";"Lesser Grey Shrike";AU;art
15230;5400;"Rødhovedet Tornskade";"Lanius senator";"Woodchat Shrike";AU;art
15150;5410;"Rødrygget Tornskade";"Lanius collurio";"Red-backed Shrike";A;art
15140;5420;Turkestantornskade;"Lanius phoenicuroides";"Red-tailed Shrike";AU;art
15170;5430;"Langhalet Tornskade";"Lanius schach";"Long-tailed Shrike";AU;art
15130;5440;"Brun Tornskade";"Lanius cristatus";"Brown Shrike";AU;art
15249;5450;"Tornskade sp.";"Lanius sp.";"Shrike sp.";H;ubestemt
15470;5460;"Iberisk Blåskade";"Cyanopica cooki";"Iberian Magpie";E;art
15390;5470;Skovskade;"Garrulus glandarius";"Eurasian Jay";A;art
15490;5480;Husskade;"Pica pica";"Eurasian Magpie";A;art
15570;5490;Nøddekrige;"Nucifraga caryocatactes";"Spotted Nutcracker";AS;art
15571;5500;"Nøddekrige, Tyknæbbet (ssp. caryocatactes)";"Nucifraga caryocatactes caryocatactes";"Spotted Nutcracker (ssp. caryocatactes)";AS;underart
15572;5510;"Nøddekrige, Tyndnæbbet (ssp. macrorhynchos)";"Nucifraga caryocatactes macrorhynchos";"Spotted Nutcracker (ssp. macrorhynchos)";AS;underart
15610;5520;"Sibirisk Allike";"Coloeus dauuricus";"Daurian Jackdaw";AU;art
15600;5530;Allike;"Coloeus monedula";"Western Jackdaw";A;art
15601;5540;"Allike, Almindelig (ssp. monedula)";"Coloeus monedula monedula";"Western Jackdaw (ssp. monedula)";A;underart
15603;5550;"Allike, Vestlig (ssp. spermologus)";"Coloeus monedula spermologus";"Western Jackdaw (ssp. spermologus)";A;underart
15602;5560;"Allike, Halsbåndsallike (ssp. soemmerringii)";"Coloeus monedula soemmerringii";"Western Jackdaw (ssp. soemmerringii)";U;underart
15630;5570;Råge;"Corvus frugilegus";Rook;A;art
15700;5580;"Broget Krage";"Corvus albus";"Pied Crow";EU;art
15720;5590;Ravn;"Corvus corax";"Northern Raven";A;art
15749;5600;"Kragefugl sp.";Corvidae;"Corvid sp.";H;ubestemt
15670;5610;Krage;"Corvus corone";"Carrion Crow";A;art
15671;5620;"Krage, Sortkrage (ssp. corone)";"Corvus corone corone";"Carrion Crow (ssp. corone)";A;underart
15673;5630;"Krage, Gråkrage (ssp. cornix)";"Corvus corone cornix";"Hooded Crow (ssp. cornix)";A;underart
15679;5640;"Sortkrage x Gråkrage (hybrid)";"Corvus c. corone x C. c. cornix";"Carrion Crow x Hooded Crow";H;hybrid
14900;5650;Pungmejse;"Remiz pendulinus";"Eurasian Penduline Tit";AS;art
14620;5660;Blåmejse;"Cyanistes caeruleus";"Eurasian Blue Tit";A;art
14640;5670;Musvit;"Parus major";"Great Tit";A;art
14610;5680;Sortmejse;"Periparus ater";"Coal Tit";A;art
14540;5690;Topmejse;"Lophophanes cristatus";"European Crested Tit";A;art
14400;5700;Sumpmejse;"Poecile palustris";"Marsh Tit";A;art
14420;5710;Fyrremejse;"Poecile montanus";"Willow Tit";A;art
14423;5720;"Fyrremejse, Pilemejse (ssp. salicarius)";"Poecile montanus salicarius";"Willow Tit (ssp. salicarius)";A;underart
14421;5730;"Fyrremejse, Nordlig (ssp. borealis)";"Poecile montanus borealis";"Willow Tit (ssp. borealis)";AU;underart
14409;5740;Sumpmejse/Fyrremejse;"Poecile palustris/P. montanus";"Marsh Tit/Willow Tit";H;ubestemt
14669;5750;"Mejse sp.";"Parus/Poecile/etc. sp.";"Tit sp.";H;ubestemt
13640;5760;Skægmejse;"Panurus biarmicus";"Bearded Reedling";A;art
09740;5770;Hedelærke;"Lullula arborea";Woodlark;A;art
09760;5780;Sanglærke;"Alauda arvensis";"Eurasian Skylark";A;art
09720;5790;Toplærke;"Galerida cristata";"Crested Lark";AS;art
09780;5800;Bjerglærke;"Eremophila alpestris";"Horned Lark";A;art
09680;5810;"Korttået Lærke";"Calandrella brachydactyla";"Greater Short-toed Lark";AU;art
09620;5820;"Østlig Kalanderlærke";"Melanocorypha bimaculata";"Bimaculated Lark";AU;art
09799;5830;"Lærke sp.";Alaudidae;"Lark sp.";H;ubestemt
12260;5840;Cistussanger;"Cisticola juncidis";"Zitting Cisticola";AU;art
12590;5850;Gulbug;"Hippolais icterina";"Icterine Warbler";A;art
12600;5860;Spottesanger;"Hippolais polyglotta";"Melodious Warbler";AU;art
12560;5870;"Lille Gulbug";"Iduna caligata";"Booted Warbler";AU;art
12550;5880;"Bleg Gulbug";"Iduna pallida";"Eastern Olivaceous Warbler";AU;art
12430;5890;Sivsanger;"Acrocephalus schoenobaenus";"Sedge Warbler";A;art
12420;5900;Vandsanger;"Acrocephalus paludicola";"Aquatic Warbler";AU;art
12470;5910;"Lille Rørsanger";"Acrocephalus agricola";"Paddyfield Warbler";AU;art
12480;5920;Buskrørsanger;"Acrocephalus dumetorum";"Blyth's Reed Warbler";AS;art
12500;5930;Kærsanger;"Acrocephalus palustris";"Marsh Warbler";A;art
12510;5940;Rørsanger;"Acrocephalus scirpaceus";"Eurasian Reed Warbler";A;art
12530;5950;Drosselrørsanger;"Acrocephalus arundinaceus";"Great Reed Warbler";AS;art
12390;5960;"Stor Græshoppesanger";"Helopsaltes fasciolatus";"Gray's Grasshopper Warbler";AU;art
12350;5970;"Stribet Græshoppesanger";"Locustella lanceolata";"Lanceolated Warbler";AU;art
12370;5980;Flodsanger;"Locustella fluviatilis";"River Warbler";AS;art
12380;5990;Savisanger;"Locustella luscinioides";"Savi's Warbler";AS;art
12360;6000;Græshoppesanger;"Locustella naevia";"Common Grasshopper Warbler";A;art
09810;6010;Digesvale;"Riparia riparia";"Sand Martin";A;art
09910;6020;Klippesvale;"Ptyonoprogne rupestris";"Eurasian Crag Martin";AU;art
09920;6030;Landsvale;"Hirundo rustica";"Barn Swallow";A;art
09923;6040;"Landsvale, Libanonlandsvale (ssp. transitiva)";"Hirundo rustica transitiva";"Barn Swallow (ssp. transitiva)";U;underart
10018;6050;"Landsvale x Bysvale (hybrid)";"Hirundo rustica x Delichon urbicum";"Barn Swallow x Common House Martin";H;hybrid
10010;6060;Bysvale;"Delichon urbicum";"Common House Martin";A;art
32450;6070;"Rødbrystet Svale";"Cecropis semirufa";"Red-breasted Swallow";AU;art
09950;6080;"Rødrygget Svale";"Cecropis rufula";"European Red-rumped Swallow";AS;art
09951;6090;Amursvale;"Cecropis daurica";"Eastern Red-rumped Swallow";AU;art
10019;6100;"Svale sp.";Hirundinidae;"Swallow/Martin sp.";H;ubestemt
14370;6110;Halemejse;"Aegithalos caudatus";"Long-tailed Tit";A;art
14371;6120;"Halemejse, Nordlig (ssp. caudatus)";"Aegithalos caudatus caudatus";"Long-tailed Bushtit (ssp. caudatus)";A;underart
14374;6130;"Halemejse, Sydlig (ssp. europaeus)";"Aegithalos caudatus europaeus";"Long-tailed Bushtit (ssp. europaeus)";A;underart
14378;6140;"Nordlig Halemejse x Sydlig Halemejse (hybrid)";"Aegithalos c. caudatus x A. c. europaeus";"Long-tailed Bushtit (caudatus x europaeus)";H;hybrid
12200;6150;Cettisanger;"Cettia cetti";"Cetti's Warbler";AU;art
13080;6160;Skovsanger;"Phylloscopus sibilatrix";"Wood Warbler";A;art
13070;6170;Bjergløvsanger;"Phylloscopus bonelli";"Western Bonelli's Warbler";AU;art
13079;6180;Bjergløvsanger/Balkanløvsanger;"Phylloscopus bonelli/P. orientalis";"Western Bonelli´s Warbler/Eastern Bonelli´s Warbler";HU;ubestemt
13000;6190;"Hvidbrynet Løvsanger";"Phylloscopus inornatus";"Yellow-browed Warbler";AS;art
13005;6200;Himalayasanger;"Phylloscopus humei";"Hume's Leaf Warbler";AU;art
12980;6210;Fuglekongesanger;"Phylloscopus proregulus";"Pallas's Leaf Warbler";AS;art
13010;6220;"Schwarz Løvsanger";"Phylloscopus schwarzi";"Radde's Warbler";AU;art
13050;6230;Sinkiangløvsanger;"Phylloscopus griseolus";"Sulphur-bellied warbler";AU;art
13030;6240;"Brun Løvsanger";"Phylloscopus fuscatus";"Dusky Warbler";AS;art
13120;6250;Løvsanger;"Phylloscopus trochilus";"Willow Warbler";A;art
13121;6260;"Løvsanger, Almindelig (ssp. trochilus)";"Phylloscopus trochilus trochilus";"Willow Warbler (ssp. trochilus)";A;underart
13122;6270;"Løvsanger, Nordlig (ssp. acredula)";"Phylloscopus trochilus acredula";"Willow Warbler (ssp. acredula)";A;underart
13119;6280;"Gransanger x Løvsanger (hybrid)";"Phylloscopus collybita x P. trochilus";"Common Chiffchaff x Willow Warbler";H;hybrid
13116;6290;"Iberisk Gransanger";"Phylloscopus ibericus";"Iberian Chiffchaff";AU;art
13110;6300;Gransanger;"Phylloscopus collybita";"Common Chiffchaff";A;art
13114;6310;"Gransanger, Skandinavisk (ssp. abietinus)";"Phylloscopus collybita abietinus";"Common Chiffchaff (ssp. abietinus)";A;underart
13111;6320;"Gransanger, Sydlig (ssp. collybita)";"Phylloscopus collybita collybita";"Common Chiffchaff (ssp. collybita)";A;underart
13113;6330;"Gransanger, Sibirisk (ssp. tristis)";"Phylloscopus collybita tristis";"Common Chiffchaff (ssp. tristis)";AS;underart
12910;6340;"Grøn Sanger";"Phylloscopus nitidus";"Green Warbler";AU;art
12920;6350;"Østlig Lundsanger";"Phylloscopus plumbeitarsus";"Two-barred Warbler";AU;art
12930;6360;Lundsanger;"Phylloscopus trochiloides";"Greenish Warbler";AS;art
12950;6370;Nordsanger;"Phylloscopus borealis";"Arctic Warbler";AU;art
13129;6380;"Phylloscopus sp.";"Phylloscopus sp.";"Warbler sp. (Phylloscopus)";H;ubestemt
12760;6390;Havesanger;"Sylvia borin";"Garden Warbler";A;art
12770;6400;Munk;"Sylvia atricapilla";"Eurasian Blackcap";A;art
12730;6410;Høgesanger;"Curruca nisoria";"Barred Warbler";AS;art
12740;6420;Gærdesanger;"Curruca curruca";"Lesser Whitethroat";A;art
12742;6430;"Gærdesanger, Sibirisk (ssp. blythi)";"Curruca curruca blythi";"Lesser Whitethroat (ssp. blythi)";AU;underart
12739;6440;"Gærdesanger, Steppe (ssp. halimodendri)";"Curruca curruca halimodendri";"Lesser Whitethroat (ssp. halimodendri)";AU;underart
12747;6450;"Gærdesanger, Sibirisk/Steppe (ssp. blythi/halimodendri)";"Curruca curruca blythi/C. C. halimodendri";"Lesser Whitethroat (ssp. blythi/halimodendri)";U;underart
12700;6460;"Asiatisk Ørkensanger";"Curruca nana";"Asian Desert Warbler";AU;art
12750;6470;Tornsanger;"Curruca communis";"Common Whitethroat";A;art
12610;6480;"Sardinsk Sanger";"Curruca sarda";"Marmora's Warbler";AU;art
12690;6490;"Sortstrubet Sanger";"Curruca ruppeli";"Rüppell's Warbler";AU;art
12670;6500;"Sorthovedet Sanger";"Curruca melanocephala";"Sardinian Warbler";AU;art
12655;6510;Makisanger;"Curruca subalpina";"Moltoni's Warbler";AU;art
12656;6520;"Iberisk Sanger";"Curruca iberiae";"Western Subalpine Warbler";AU;art
12654;6530;"Rødstrubet Sanger";"Curruca cantillans";"Eastern Subalpine Warbler";AU;art
12651;6540;"Rødstrubet Sanger (ssp. cantillans)";"Curruca cantillans cantillans";"Eastern Subalpine Warbler (ssp. cantillans)";AU;underart
12653;6550;"Rødstrubet Sanger (ssp. albistriata)";"Curruca cantillans albistriata";"Eastern Subalpine Warbler (ssp. albistriata)";AU;underart
12650;6560;"Rødstrubet Sanger/Iberisk Sanger/Makisanger";"Curruca cantillans/iberiae/subalpina";"Eastern/Western Subalpine/Moltoni's Warbler";HU;ubestemt
13168;6570;"Sanger sp.";Sylvidae;"Warbler sp.";H;ubestemt
10480;6580;Silkehale;"Bombycilla garrulus";"Bohemian Waxwing";A;art
13150;6590;"Rødtoppet Fuglekonge";"Regulus ignicapilla";"Common Firecrest";A;art
13140;6600;Fuglekonge;"Regulus regulus";Goldcrest;A;art
14790;6610;Spætmejse;"Sitta europaea";"Eurasian Nuthatch";A;art
14793;6620;"Spætmejse, Mørkbuget (ssp. caesia)";"Sitta europaea caesia";"Eurasian Nuthatch (ssp. caesia)";A;underart
14791;6630;"Spætmejse, Lysbuget (ssp. europaea)";"Sitta europaea europaea";"Eurasian Nuthatch (ssp. europaea)";A;underart
14860;6640;Træløber;"Certhia familiaris";"Eurasian Treecreeper";A;art
14863;6650;"Træløber, Sydlig (ssp. macrodactyla)";"Certhia familiaris macrodactyla";"Eurasian Treecreeper (ssp. macrodactyla)";A;underart
14861;6660;"Træløber, Nordlig (ssp. familiaris)";"Certhia familiaris familiaris";"Eurasian Treecreeper (ssp. familiaris)";A;underart
14870;6670;"Korttået Træløber";"Certhia brachydactyla";"Short-toed Treecreeper";A;art
14869;6680;"Træløber/Korttået Træløber";"Certhia familiaris/C. brachydactyla";"Eurasian Treecreeper/Short-toed Treecreeper";H;ubestemt
10660;6690;Gærdesmutte;"Troglodytes troglodytes";"Eurasian Wren";A;art
10669;6700;"Gærdesmutte, Nordatlantisk (fridariensis/hirtensis/borealis)";"Troglodytes troglodytes ssp. fridariensis/hirtensis/borealis";"Eurasian Wren (ssp. fridariensis/hirtensis/borealis)";AU;underart
15830;6710;"Ensfarvet Stær";"Sturnus unicolor";"Spotless Starling";AU;art
15820;6720;Stær;"Sturnus vulgaris";"Common Starling";A;art
15840;6730;Rosenstær;"Pastor roseus";"Rosy Starling";AS;art
33810;6740;"Rødvinget Sortstær";"Onychognathus morio";"Red-winged Starling";E;art
10500;6750;Vandstær;"Cinclus cinclus";"White-throated Dipper";A;art
11700;6760;Gulddrossel;"Zoothera aurea";"White's Thrush";AU;art
11770;6770;Olivenskovdrossel;"Catharus ustulatus";"Swainson's Thrush";AU;art
11760;6780;Eremitdrossel;"Catharus guttatus";"Hermit Thrush";AU;art
12020;6790;Misteldrossel;"Turdus viscivorus";"Mistle Thrush";A;art
12000;6800;Sangdrossel;"Turdus philomelos";"Song Thrush";A;art
12010;6810;Vindrossel;"Turdus iliacus";Redwing;A;art
12012;6820;"Vindrossel, Islandsk (ssp. coburni)";"Turdus iliacus coburni";"Redwing (ssp. coburni)";AS;underart
12009;6830;Sangdrossel/Vindrossel;"Turdus philomelos/T. iliacus";"Song Thrush/Redwing";H;ubestemt
11870;6840;Solsort;"Turdus merula";"Common Blackbird";A;art
11980;6850;Sjagger;"Turdus pilaris";Fieldfare;A;art
11989;6860;"Sjagger x Solsort (hybrid)";"Turdus pilaris x T. merula";"Fieldfare x Common Blackbird";H;hybrid
11860;6870;Ringdrossel;"Turdus torquatus";"Ring Ouzel";A;art
11972;6880;"Sortstrubet Drossel";"Turdus atrogularis";"Black-throated Thrush";AU;art
11962;6890;Brundrossel;"Turdus eunomus";"Dusky Thrush";AU;art
11950;6900;"Gråstrubet Drossel";"Turdus obscurus";"Eyebrowed Thrush";AU;art
12030;6910;Vandredrossel;"Turdus migratorius";"American Robin";AU;art
12069;6920;"Drossel sp.";Turdinae;"Thrush sp.";H;ubestemt
13340;6930;"Brun Fluesnapper";"Muscicapa dauurica";"Asian Brown Flycatcher";AU;art
13350;6940;"Grå Fluesnapper";"Muscicapa striata";"Spotted Flycatcher";A;art
10990;6950;Rødhals;"Erithacus rubecula";"European Robin";A;art
11030;6960;Nattergal;"Luscinia luscinia";"Thrush Nightingale";A;art
11040;6970;"Sydlig Nattergal";"Luscinia megarhynchos";"Common Nightingale";AS;art
11039;6980;"Nattergal/Sydlig Nattergal";"Luscinia luscinia/L. megarhynchos";"Thrush Nightingale/Common Nightingale";H;ubestemt
11060;6990;Blåhals;"Luscinia svecica";Bluethroat;A;art
11061;7000;"Blåhals, Nordlig (ssp. svecica)";"Luscinia svecica svecica";"Bluethroat (ssp. svecica)";AS;underart
11062;7010;"Blåhals, Sydlig (ssp. cyanecula)";"Luscinia svecica cyanecula";"Bluethroat (ssp. cyanecula)";A;underart
11050;7020;Rubinnattergal;"Calliope calliope";"Siberian Rubythroat";AU;art
11020;7030;Manchurernattergal;"Larvivora sibilans";"Rufous-tailed Robin";AU;art
13430;7040;"Lille Fluesnapper";"Ficedula parva";"Red-breasted Flycatcher";AS;art
13432;7050;Tajgafluesnapper;"Ficedula albicilla";"Taiga Flycatcher";AU;art
13480;7060;"Hvidhalset Fluesnapper";"Ficedula albicollis";"Collared Flycatcher";AS;art
13489;7070;"Hvidhalset Fluesnapper x Broget Fluesnapper (hybrid)";"Ficedula albicollis x F. hypoleuca";"Collared Flycatcher x European Pied Flycatcher";H;hybrid
13490;7080;"Broget Fluesnapper";"Ficedula hypoleuca";"European Pied Flycatcher";A;art
13559;7090;"Fluesnapper sp.";Muscicapidae;"Flycatcher sp.";H;ubestemt
11130;7100;Blåstjert;"Tarsiger cyanurus";"Red-flanked Bluetail";AU;art
11210;7110;Husrødstjert;"Phoenicurus ochruros";"Black Redstart";A;art
11215;7120;"Husrødstjert, Tien-Shan (ssp. phoenicuroides)";"Phoenicurus ochruros phoenicuroides";"Black Redstart (ssp. phoenicuroides)";U;underart
11220;7130;Rødstjert;"Phoenicurus phoenicurus";"Common Redstart";A;art
11620;7140;Stendrossel;"Monticola saxatilis";"Common Rock Thrush";AU;art
11370;7150;Bynkefugl;"Saxicola rubetra";Whinchat;A;art
11399;7160;"Sibirisk Bynkefugl";"Saxicola maurus";"Siberian Stonechat";AU;art
11397;7170;"Sibirisk Bynkefugl, Kaukasusbynkefugl (ssp. hemprichii)";"Saxicola maurus hemprichii";"Siberian Stonechat (ssp. hemprichii)";AU;underart
11396;7180;"Sibirisk Bynkefugl, Steppebynkefugl (ssp. variegatus)";"Saxicola maurus variegatus";"Siberian Stonechat (ssp. variegatus)";AU;underart
11392;7190;"Sibirisk Bynkefugl, Bjergbynkefugl (ssp. stejnegeri)";"Saxicola maurus stejnegeri";"Siberian Stonechat (ssp. stejnegeri)";AU;underart
11394;7200;"Sibirisk Bynkefugl (ssp. maurus)";"Saxicola maurus maurus";"Siberian Stonechat (ssp. maurus)";AU;underart
11390;7210;"Sortstrubet Bynkefugl";"Saxicola rubicola";"European Stonechat";A;art
11393;7220;"Sortstrubet Bynkefugl, Atlantisk (ssp. hibernans)";"Saxicola rubicola hibernans";"European Stonechat (ssp. hibernans)";A;underart
11391;7230;"Sortstrubet Bynkefugl, Europæisk (ssp. rubicola)";"Saxicola rubicola rubicola";"European Stonechat (ssp. rubicola)";A;underart
11490;7240;Ørkenstenpikker;"Oenanthe deserti";"Desert Wheatear";AU;art
11480;7250;"Vestlig Middelhavsstenpikker/Østlig Middelhavsstenpikker ";"Oenanthe hispanica/O. melanoleuca";"Western Black-eared Wheatear/Eastern Black-eared Wheatear";HU;ubestemt
11481;7260;"Vestlig Middelhavsstenpikker";"Oenanthe hispanica";"Western Black-eared Wheatear";AU;art
11470;7270;Nonnestenpikker;"Oenanthe pleschanka";"Pied Wheatear";AU;art
11482;7280;"Østlig Middelhavsstenpikker";"Oenanthe melanoleuca";"Eastern Black-eared Wheatear";AU;art
11460;7290;Stenpikker;"Oenanthe oenanthe";"Northern Wheatear";A;art
11462;7300;"Stenpikker, Grønlandsk (ssp. leucorhoa)";"Oenanthe oenanthe leucorhoa";"Northern Wheatear (ssp. leucorhoa)";A;underart
11461;7310;"Stenpikker (ssp. oenanthe)";"Oenanthe oenanthe oenanthe";"Northern Wheatear (ssp. oenanthe)";A;underart
11440;7320;Isabellastenpikker;"Oenanthe isabellina";"Isabelline Wheatear";AU;art
11570;7330;"Hvidkronet Stenpikker";"Oenanthe leucopyga";"White-crowned Wheatear";AU;art
10940;7340;Alpejernspurv;"Prunella collaris";"Alpine Accentor";AU;art
10900;7350;"Sortstrubet Jernspurv";"Prunella atrogularis";"Black-throated Accentor";AU;art
10840;7360;Jernspurv;"Prunella modularis";Dunnock;A;art
10860;7370;"Sibirisk Jernspurv";"Prunella montanella";"Siberian Accentor";AU;art
16110;7380;Snefinke;"Montifringilla nivalis";"White-winged Snowfinch";AU;art
15980;7390;Skovspurv;"Passer montanus";"Eurasian Tree Sparrow";A;art
15989;7400;"Gråspurv x Skovspurv (hybrid)";"Passer domesticus x P. montanus";"House Sparrow x Eurasian Tree Sparrow";H;hybrid
15988;7410;Gråspurv/Skovspurv;"Passer domesticus/P. montanus";"House Sparrow/Eurasian Tree Sparrow";H;ubestemt
15920;7420;"Spansk Spurv";"Passer hispaniolensis";"Spanish Sparrow";AU;art
15910;7430;Gråspurv;"Passer domesticus";"House Sparrow";A;art
10190;7440;Bjergvipstjert;"Motacilla cinerea";"Grey Wagtail";A;art
10170;7450;"Gul Vipstjert";"Motacilla flava";"Western Yellow Wagtail";A;art
10172;7460;"Gul Vipstjert, Gulhovedet (ssp. flavissima)";"Motacilla flava flavissima";"Western Yellow Wagtail (ssp. flavissima)";AS;underart
10171;7470;"Gul Vipstjert (ssp. flava)";"Motacilla flava flava";"Western Yellow Wagtail (ssp. flava)";A;underart
10174;7480;"Gul Vipstjert, Sorthovedet (ssp. feldegg)";"Motacilla flava feldegg";"Western Yellow Wagtail (ssp. feldegg)";AU;underart
10179;7490;"Gul Vipstjert, Almindelig x Gulhovedet (hybrid)";"Motacilla flava flava x M. f. flavissima";"Western Yellow Wagtail (flava x flavissima)";H;hybrid
10173;7500;"Gul Vipstjert, Nordlig (ssp. thunbergi)";"Motacilla flava thunbergi";"Western Yellow Wagtail (ssp. thunbergi)";A;underart
10180;7510;Citronvipstjert;"Motacilla citreola";"Citrine Wagtail";AS;art
10181;7520;"Citronvipstjert x Gul Vipstjert (hybrid)";"Motacilla citreola x M. flava";"Citrine Wagtail x Western Yellow Wagtail";H;hybrid
26643;7530;"Sibirisk Vipstjert";"Motacilla tschutschensis";"Eastern Yellow Wagtail";AU;art
10200;7540;"Hvid Vipstjert";"Motacilla alba";"White Wagtail";A;art
10202;7550;"Hvid Vipstjert, Sortrygget Vipstjert (ssp. yarrellii)";"Motacilla alba yarrellii";"White Wagtail (ssp. yarrellii)";AS;underart
10201;7560;"Hvid Vipstjert (ssp. alba)";"Motacilla alba alba";"White Wagtail (ssp. alba)";A;underart
10239;7570;"Vipstjert sp.";"Motacilla sp.";"Wagtail sp.";H;ubestemt
10040;7580;"Mongolsk Piber";"Anthus godlewskii";"Blyth's Pipit";AU;art
10159;7590;"Piber sp.";"Anthus sp.";"Pipit sp.";H;ubestemt
10050;7600;Markpiber;"Anthus campestris";"Tawny Pipit";AS;art
10020;7610;Storpiber;"Anthus richardi";"Richard's Pipit";AS;art
10090;7620;Skovpiber;"Anthus trivialis";"Tree Pipit";A;art
10080;7630;Tajgapiber;"Anthus hodgsoni";"Olive-backed Pipit";AU;art
10120;7640;"Rødstrubet Piber";"Anthus cervinus";"Red-throated Pipit";AS;art
10110;7650;Engpiber;"Anthus pratensis";"Meadow Pipit";A;art
10135;7660;Skærpiber;"Anthus petrosus";"European Rock Pipit";A;art
10144;7670;Bjergpiber/Skærpiber;"Anthus spinoletta/A. petrosus";"Water Pipit/European Rock Pipit";H;ubestemt
10140;7680;Bjergpiber;"Anthus spinoletta";"Water Pipit";AS;art
16380;7690;Kvækerfinke;"Fringilla montifringilla";Brambling;A;art
16388;7700;Bogfinke/Kvækerfinke;"Fringilla coelebs/F. montifringilla";"Common Chaffinch/Brambling";H;ubestemt
16360;7710;Bogfinke;"Fringilla coelebs";"Common Chaffinch";A;art
17170;7720;Kernebider;"Coccothraustes coccothraustes";Hawfinch;A;art
16790;7730;Karmindompap;"Carpodacus erythrinus";"Common Rosefinch";A;art
17040;7740;"Langhalet Rosenfinke";"Carpodacus sibiricus";"Long-tailed Rosefinch";EU;art
16890;7750;Rosenfinke;"Carpodacus roseus";"Pallas's Rosefinch";E;art
16990;7760;Krognæb;"Pinicola enucleator";"Pine Grosbeak";AU;art
17100;7770;Dompap;"Pyrrhula pyrrhula";"Eurasian Bullfinch";A;art
17101;7780;"Dompap, Stor (ssp. pyrrhula)";"Pyrrhula pyrrhula pyrrhula";"Eurasian Bullfinch (ssp. pyrrhula)";A;underart
17102;7790;"Dompap, Lille (ssp. europaea)";"Pyrrhula pyrrhula europaea";"Eurasian Bullfinch (ssp. europaea)";A;underart
16760;7800;Ørkendompap;"Bucanetes githagineus";"Trumpeter Finch";AU;art
16740;7810;Ørkenfinke;"Rhodospiza obsoleta";"Desert Finch";E;art
16389;7820;"Finke sp.";Fringillidae;"Fringillidae sp.";H;ubestemt
16490;7830;Grønirisk;"Chloris chloris";"European Greenfinch";A;art
16500;7840;Brunirisk;"Chloris sinica";"Grey-capped Greenfinch";E;art
16620;7850;Bjergirisk;"Linaria flavirostris";Twite;A;art
16600;7860;Tornirisk;"Linaria cannabina";"Common Linnet";A;art
16609;7870;Tornirisk/Bjergirisk;"Linaria cannabina/L. flavirostris";"Common Linnet/Twite";H;ubestemt
16630;7880;Gråsisken;"Acanthis flammea";Redpoll;A;art
16634;7890;"Gråsisken, Nordlig (ssp. flammea)";"Acanthis flammea flammea";"Redpoll (ssp. flammea)";A;underart
16632;7900;"Gråsisken, Grønlandsk (ssp. rostrata)";"Acanthis flammea rostrata";"Redpoll (ssp. rostrata)";AU;underart
16635;7910;"Gråsisken, Lille (ssp. cabaret)";"Acanthis flammea cabaret";"Redpoll (ssp. cabaret)";A;underart
16640;7920;"Gråsisken, Hvidsisken (ssp. exilipes)";"Acanthis flammea exilipes";"Redpoll, Arctic (ssp. exilipes)";AS;underart
16650;7930;"Hvidvinget Korsnæb";"Loxia leucoptera";"Two-barred Crossbill";AS;art
16680;7940;"Stor Korsnæb";"Loxia pytyopsittacus";"Parrot Crossbill";AS;art
16660;7950;"Lille Korsnæb";"Loxia curvirostra";"Red Crossbill";A;art
16669;7960;"Lille Korsnæb/Stor Korsnæb";"Loxia curvirostra/L. pytyopsittacus";"Red Crossbill/Parrot Crossbill";H;ubestemt
16689;7970;"Korsnæb sp.";"Loxia sp.";"Crossbill sp.";H;ubestemt
16530;7980;Stillits;"Carduelis carduelis";"European Goldfinch";A;art
16420;7990;Kanariefugl;"Serinus canaria";"Atlantic Canary";E;art
16400;8000;Gulirisk;"Serinus serinus";"European Serin";AS;art
16540;8010;Grønsisken;"Spinus spinus";"Eurasian Siskin";A;art
16649;8020;"Sisken sp.";"Spinus/Acanthis sp.";"Spinus/Acanthis sp.";H;ubestemt
18500;8030;Snespurv;"Plectrophenax nivalis";"Snow Bunting";A;art
18479;8040;Lapværling/Snespurv;"Calcarius lapponicus/Plectrophenax nivalis";"Lapland Longspur/Snow Bunting";H;ubestemt
18470;8050;Lapværling;"Calcarius lapponicus";"Lapland Longspur";AS;art
18770;8060;Rørspurv;"Emberiza schoeniclus";"Common Reed Bunting";A;art
18710;8070;"Gulbrynet Værling";"Emberiza chrysophrys";"Yellow-browed Bunting";AU;art
18760;8080;"Gulbrystet Værling";"Emberiza aureola";"Yellow-breasted Bunting";AU;art
18740;8090;Dværgværling;"Emberiza pusilla";"Little Bunting";AS;art
18730;8100;Pileværling;"Emberiza rustica";"Rustic Bunting";AU;art
18810;8110;Hætteværling;"Emberiza melanocephala";"Black-headed Bunting";AU;art
18809;8120;"Brunhovedet Værling/Hætteværling";"Emberiza bruniceps/E. melanocephala";"Red-headed Bunting/Black-headed Bunting";HU;ubestemt
18800;8130;"Brunhovedet Værling";"Emberiza bruniceps";"Red-headed Bunting";AU;art
18820;8140;Bomlærke;"Emberiza calandra";"Corn Bunting";A;art
18600;8150;Klippeværling;"Emberiza cia";"Rock Bunting";AU;art
18670;8160;Bjerghortulan;"Emberiza buchanani";"Grey-necked Bunting";AU;art
18650;8170;"Gulgrå Værling";"Emberiza cineracea";"Cinereous Bunting";AU;art
18660;8180;Hortulan;"Emberiza hortulana";"Ortolan Bunting";AS;art
18580;8190;Gærdeværling;"Emberiza cirlus";"Cirl Bunting";AU;art
18560;8200;"Hvidkindet Værling";"Emberiza leucocephalos";"Pine Bunting";AU;art
18570;8210;Gulspurv;"Emberiza citrinella";Yellowhammer;A;art
18819;8220;"Værling sp.";"Emberiza sp.";"Bunting sp.";H;ubestemt
18420;8230;"Mørkøjet Junco";"Junco hyemalis";"Dark-eyed Junco";AU;art
18400;8240;"Hvidstrubet Spurv";"Zonotrichia albicollis";"White-throated Sparrow";AU;art
18390;8250;"Hvidkronet Spurv";"Zonotrichia leucophrys";"White-crowned Sparrow";AU;art
17530;8260;"Stribet Sanger";"Setophaga striata";"Blackpoll Warbler";AU;art
17330;8270;"Gul Sanger";"Setophaga aestiva";"American Yellow Warbler";AU;art
18870;8280;"Rosenbrystet Kernebider";"Pheucticus ludovicianus";"Rose-breasted Grosbeak";AU;art
18920;8290;Indigofinke;"Passerina cyanea";"Indigo Bunting";DU;art
19999;8300;"Småfugl sp. (Pibere, Finker, Spurve o.lign.)";Passerinae;"Passerine sp.";H;ubestemt
24997;8310;"Burfugl sp.";"Cage bird sp.";"Cage bird sp.";H;ubestemt
99999;8320;"Ny fugleart for landet";"Aves sp.";"New bird species for Denmark";HU;ubestemt
24998;8330;"Hybrid sp.";Hybrid;Hybrid;H;hybrid
AM001;8340;"Lille Vandsalamander";"Triturus vulgaris";"Common Newt";X;andre_dyr
AM002;8350;"Stor Vandsalamander";"Triturus cristatus";"Great Crested Newt";X;andre_dyr
AM003;8360;Bjergsalamander;"Triturus alpestris";"Alpine Newt";X;andre_dyr
AM004;8370;Klokkefrø;"Bombina bombina";"Fire-bellied Toad";X;andre_dyr
AM005;8380;Løgfrø;"Pelobates fuscus";"Common Spadefoot";X;andre_dyr
AM006;8390;Skrubtudse;"Bufo bufo";"Common Toad";X;andre_dyr
AM007;8400;"Grønbroget Tudse";"Bufo viridis";"Green Toad";X;andre_dyr
AM008;8410;Strandtudse;"Bufo calamita";Natterjack;X;andre_dyr
AM009;8420;Løvfrø;"Hyla arborea";"Common Tree Frog";X;andre_dyr
AM010;8430;"Butsnudet Frø";"Rana temporaria";"Common Frog";X;andre_dyr
AM011;8440;"Spidssnudet Frø";"Rana arvalis";"Moor Frog";X;andre_dyr
AM012;8450;Springfrø;"Rana dalmatina";"Agile Frog";X;andre_dyr
AM013;8460;"Grøn Frø";"Rana esculenta";"Edible Frog";X;andre_dyr
AM014;8470;Latterfrø;"Rana ridibunda";"Marsh Frog";X;andre_dyr
AM015;8480;Balkanlatterfrø;"Pelophylax kurtmuelleri";"Balkan frog";X;andre_dyr
AM069;8490;"Salamander sp.";Salamandridae;"Newt sp.";X;andre_dyr
AM079;8500;"Springpadder sp.";Salientia;"Frogs and Toads sp.";X;andre_dyr
AM087;8510;"Butsnudet/Spidssnudet/Springfrø sp.";"Rana temporaria/arvalis/dalmatina sp.";"Common/Moor/Agile Frog sp.";X;andre_dyr
AM088;8520;"Tudse sp.";Bufonidae;"Toad sp.";X;andre_dyr
AM089;8530;"Ægte Frø sp.";Ranidae;"Frog sp.";X;andre_dyr
AM113;8540;"Grøn Frø han/Latterfrø hun";"Rana esculenta/R. ridibunda";"Edible Frog male/Marsh Frog female";X;andre_dyr
LE001;8550;"Gråbåndet Bredpande";"Erynnis tages";"Dinky Skipper";X;andre_dyr
LE002;8560;"Spættet Bredpande";"Pyrgus malvae";"Grizzled Skipper";X;andre_dyr
LE003;8570;"Fransk Bredpande";"Pyrgus armoricanus";"Oberthürs Grizzled Skipper";X;andre_dyr
LE004;8580;Skærbredpande;"Pyrgus serratulae";"Olive Skipper";X;andre_dyr
LE005;8590;"Sortplettet Bredpande";"Carterocephalus silvicola";"Northern Chequered Skipper";X;andre_dyr
LE006;8600;Spejlbredpande;"Heteropterus morpheus";"Large Chequered Skipper";X;andre_dyr
LE007;8610;Stregbredpande;"Thymelicus lineola";"Essex Skipper";X;andre_dyr
LE008;8620;Skråstregbredpande;"Thymelicus sylvestris";"Small Skipper";X;andre_dyr
LE009;8630;Kommabredpande;"Hesperia comma";"Silver-spotted Skipper";X;andre_dyr
LE010;8640;"Stor Bredpande";"Ochlodes faunus";"Large Skipper";X;andre_dyr
LE263;8650;Marmorbredpande;"Carcharodus alceae";"Mallow Skipper";X;andre_dyr
LE011;8660;Apollo;"Parnassius apollo";Apollo;X;andre_dyr
LE012;8670;Mnemosyne;"Parnassius mnemosyne";"Clouded Apollo";X;andre_dyr
LE013;8680;Svalehale;"Papilio machaon";Swallowtail;X;andre_dyr
LE014;8690;Skovhvidvinge;"Leptidea sinapsis";"Wood White";X;andre_dyr
LE015;8700;"Sortåret Hvidvinge";"Aporia crataegi";"Black-veined White";X;andre_dyr
LE016;8710;"Stor Kålsommerfugl";"Pieris brassicae";"Large White";X;andre_dyr
LE017;8720;"Lille Kålsommerfugl";"Pieris rapae";"Small White";X;andre_dyr
LE018;8730;"Grønåret Kålsommerfugl";"Pieris napi";"Green-veined White";X;andre_dyr
LE019;8740;"Grønbroget Kålsommerfugl";"Pontia edusa";"Bath White";X;andre_dyr
LE020;8750;Aurora;"Anthocharis cardamines";"Orange Tip";X;andre_dyr
LE021;8760;Mosehøsommerfugl;"Colias palaeno";"Moorland Clouded Yellow";X;andre_dyr
LE022;8770;"Gul Høsommerfugl";"Colias hyale";"Pale Clouded Yellow";X;andre_dyr
LE023;8780;"Sydlig Høsommerfugl";"Colias alfacariensis";"Bergers Clouded Yellow";X;andre_dyr
LE024;8790;"Orange Høsommerfugl";"Colias croceus";"Clouded Yellow";X;andre_dyr
LE025;8800;Citronsommerfugl;"Gonepteryx rhamni";Brimstone;X;andre_dyr
LE026;8810;Monark;"Danaus plexippus";Monarch;X;andre_dyr
LE027;8820;Iris;"Apatura iris";"Purple Emperor";X;andre_dyr
LE028;8830;Poppelsommerfugl;"Limenitis populi";"Poplar Admiral";X;andre_dyr
LE029;8840;"Hvid Admiral";"Limenitis camilla";"White Admiral";X;andre_dyr
LE030;8850;Kirsebærtakvinge;"Nymphalis polychloros";"Large Tortoiseshell";X;andre_dyr
LE031;8860;"Østlig Takvinge";"Nymphalis xanthomelas";"Yellow-legged Tortoiseshell";X;andre_dyr
LE032;8870;"Det Hvide L";"Nymphalis vaualbum";"False Comma";X;andre_dyr
LE033;8880;Sørgekåbe;"Nymphalis antiopa";"Camberwell Beauty";X;andre_dyr
LE034;8890;Dagpåfugleøje;"Inachis io";"Peacock Butterfly";X;andre_dyr
LE035;8900;Admiral;"Vanessa atalanta";"Red Admiral";X;andre_dyr
LE036;8910;Tidselsommerfugl;"Vanessa cardui";"Painted Lady";X;andre_dyr
LE037;8920;"Nældens Takvinge";"Aglais urticae";"Small Tortoiseshell";X;andre_dyr
LE038;8930;"Det Hvide C";"Polygonia c-album";"Comma Butterfly";X;andre_dyr
LE039;8940;Nældesommerfugl;"Araschnia levana";"Map Butterfly";X;andre_dyr
LE040;8950;Kejserkåbe;"Argynnis paphia";"Silver-washed Fritillary";X;andre_dyr
LE041;8960;"Østlig Perlemorsommerfugl";"Argynnis laodice";"Pallas Fritillary";X;andre_dyr
LE042;8970;Markperlemorsommerfugl;"Argynnis aglaja";"Dark Green Fritillary";X;andre_dyr
LE043;8980;Skovperlemorsommerfugl;"Argynnis adippe";"High Brown Fritillary";X;andre_dyr
LE044;8990;Klitperlemorsommerfugl;"Argynnis niobe";"Niobe Fritillary";X;andre_dyr
LE045;9000;"Storplettet Perlemorsommerfugl";"Issoria lathonia";"Queen of Spain Fritillary";X;andre_dyr
LE046;9010;Engperlemorsommerfugl;"Brenthis ino";"Lesser Marbled Fritillary";X;andre_dyr
LE047;9020;Moseperlemorsommerfugl;"Boloria aquilonaris";"Cranberry Fritillary";X;andre_dyr
LE048;9030;"Brunlig Perlemorsommerfugl";"Boloria selene";"Small Pearl-bordered Fritillary";X;andre_dyr
LE049;9040;"Rødlig Perlemorsommerfugl";"Boloria euphrosyne";"Pearl-bordered Fritillary";X;andre_dyr
LE050;9050;"Okkergul Pletvinge";"Melitaea cinxia";"Glanville Fritillary";X;andre_dyr
LE051;9060;"Mørk Pletvinge";"Melitaea diamina";"False Heath Fritillary";X;andre_dyr
LE052;9070;"Brun Pletvinge";"Mellicta athalia";"Heath Fritillary";X;andre_dyr
LE053;9080;Askepletvinge;"Euphydryas maturna";"Scarce Fritillary";X;andre_dyr
LE054;9090;Hedepletvinge;"Euphydryas aurinia";"Marsh Fritillary";X;andre_dyr
LE055;9100;Sandrandøje;"Hipparchia semele";Grayling;X;andre_dyr
LE056;9110;Skov-bjergrandøje;"Erebia ligea";"Arran Brown";X;andre_dyr
LE057;9120;Græsrandøje;"Maniola jurtina";"Meadow Brown";X;andre_dyr
LE058;9130;Engrandøje;"Aphantopus hyperantus";Ringlet;X;andre_dyr
LE059;9140;Buskrandøje;"Pyronia tithonus";Gatekeeper;X;andre_dyr
LE060;9150;Moserandøje;"Coenonympha tullia";"Large Heath";X;andre_dyr
LE061;9160;"Okkergul Randøje";"Coenonympha pamphilus";"Small Heath";X;andre_dyr
LE062;9170;Perlemorrandøje;"Coenonympha arcania";"Pearly Heath";X;andre_dyr
LE063;9180;Herorandøje;"Coenonympha hero";"Scarce Heath";X;andre_dyr
LE064;9190;Skovrandøje;"Pararge aegeria";"Speckled Wood";X;andre_dyr
LE065;9200;Vejrandøje;"Lasiommata megera";"Wall Brown";X;andre_dyr
LE066;9210;Skov-vejrandøje;"Lasiommata maera";"Large Wall Brown";X;andre_dyr
LE067;9220;Bjerg-vejrandøje;"Lasiommata petropolitana";"Northern Wall Brown";X;andre_dyr
LE264;9230;Skakbrætrandøje;"Melanargia galathea";"Marbled White";X;andre_dyr
LE068;9240;Terningsommerfugl;"Hamearis lucina";"Duke  of Burgundy";X;andre_dyr
LE069;9250;Guldhale;"Thecla betulae";"Brown Hairstreak";X;andre_dyr
LE070;9260;Blåhale;"Neozephyrus quercus";"Purple Hairstreak";X;andre_dyr
LE071;9270;"Det Hvide W";"Satyrium w-album";"White-letter Hairstreak";X;andre_dyr
LE072;9280;Egesommerfugl;"Satyrium ilicis";"Ilex Hairstreak";X;andre_dyr
LE073;9290;Slåensommerfugl;"Satyrium pruni";"Black Hairstreak";X;andre_dyr
LE074;9300;"Grøn Busksommerfugl";"Callophrys rubi";"Green Hairstreak";X;andre_dyr
LE075;9310;"Lille Ildfugl";"Lycaena phlaeas";"Small Copper";X;andre_dyr
LE076;9320;"Stor Ildfugl";"Lycaena dispar";"Large Copper";X;andre_dyr
LE077;9330;Dukatsommerfugl;"Lycaena virgaureae";"Scarce Copper";X;andre_dyr
LE078;9340;"Sort Ildfugl";"Lycaena tityrus";"Sooty Copper";X;andre_dyr
LE079;9350;"Violet Ildfugl";"Lycaena alciphron";"Purple-shot Copper";X;andre_dyr
LE080;9360;"Violetrandet Ildfugl";"Lycaena hippothoe";"Purple-edged Copper";X;andre_dyr
LE081;9370;Dværgblåfugl;"Cupido minimus";"Little Blue";X;andre_dyr
LE082;9380;Skovblåfugl;"Celastrina argiolus";"Holly Blue";X;andre_dyr
LE083;9390;Kløverblåfugl;"Glaucopsyche alexis";"Green-underside Blue";X;andre_dyr
LE084;9400;Ensianblåfugl;"Maculinea alcon";"Alcon Blue";X;andre_dyr
LE085;9410;"Sortplettet Blåfugl";"Maculinea arion";"Large Blue";X;andre_dyr
LE086;9420;Engblåfugl;"Polyommatus semiargus";"Mazarine Blue";X;andre_dyr
LE087;9430;"Almindelig Blåfugl";"Polyommatus icarus";"Common Blue";X;andre_dyr
LE088;9440;Isblåfugl;"Polyommatus amandus";"Amandas Blue";X;andre_dyr
LE089;9450;"Rødplettet Blåfugl";"Aricia agestis";"Brown Argus";X;andre_dyr
LE090;9460;"Sortbrun Blåfugl";"Aricia artaxerxes";"Mountain Argus";X;andre_dyr
LE091;9470;Bølleblåfugl;"Plebeius optilete";"Cranberry Blue";X;andre_dyr
LE092;9480;Argusblåfugl;"Plebeius argus";"Silver-studded Blue";X;andre_dyr
LE093;9490;"Foranderlig Blåfugl";"Plebeius idas";"Idas Blue";X;andre_dyr
LE094;9500;Ilia;"Apatura ilia";"Lesser Purple Emperor";X;andre_dyr
LE199;9510;"Sommerfugl sp.";Lepidoptera;"Butterflies sp.";X;andre_dyr
LE200;9520;"Seksplettet Køllesværmer";"Zygaena filipendulae";"Six-spot Blue";X;andre_dyr
LE266;9530;Engkøllesværmer;"Zygaena trifolii";"Five-spot Burnet";X;andre_dyr
LE267;9540;"Femplettet Køllesværmer";"Zygaena lonicerae";"Narrow-bordered Five-spot Burnet";X;andre_dyr
LE268;9550;"Kobberbrun Køllesværmer";"Rhagades pruni";"Blackthorn Aurora Moth";X;andre_dyr
LE269;9560;"Lille Køllesværmer";"Zygaena viciae";"New Forest Burnet";X;andre_dyr
LE265;9570;Timiankøllesværmer;"Zygaena purpuralis";"Transparent Burnet";X;andre_dyr
LE270;9580;Pimpinellekøllesværmer;"Zygaena minos";"Minos Burnet";X;andre_dyr
LE201;9590;Metalvinge;"Adscita statices";"The Forester";X;andre_dyr
LE202;9600;Egespinder;"Lasiocampa quercus";"Oak Eggar";X;andre_dyr
LE203;9610;Græsspinder;"Euthrix potatoria";"The Drinker";X;andre_dyr
LE204;9620;Brombærspinder;"Macrothylacia rubi";"Fox Moth";X;andre_dyr
LE205;9630;Fyrrespinder;"Dendrolimus pini";"Pine-tree lapet";X;andre_dyr
LE206;9640;Ringspinder;"Malacosoma neustria";"The Lackey";X;andre_dyr
LE207;9650;Poppelspinder;"Poecilocampa populi";"December Moth";X;andre_dyr
LE208;9660;"Lille Natpåfugleøje";"Saturnia pavonia";"Emperor Moth";X;andre_dyr
LE209;9670;Sømplet;"Aglia tau";"Tau Emperor";X;andre_dyr
LE210;9680;Lindesværmer;"Mimas tiliae";"Lime Hawk-moth";X;andre_dyr
LE211;9690;Poppelsværmer;"Laothoe populi";"Poplar Hawk-moth";X;andre_dyr
LE212;9700;Fyrresværmer;"Hyloicus pinastri";"Pine Hawk-moth";X;andre_dyr
LE213;9710;Aftenpåfugleøje;"Smerinthus ocellata";"Eyed Hawk-moth";X;andre_dyr
LE214;9720;Ligustersværmer;"Sphinx ligustri";"Prived Hawk-moth";X;andre_dyr
LE215;9730;Snerlesværmer;"Agrius convolvuli";"Convolvulus Hawk-moth";X;andre_dyr
LE216;9740;Dødningehoved;"Acherontia atropos";"Deaths-head Hawk-moth";X;andre_dyr
LE217;9750;Oleandersværmer;"Daphnis nerii";"Oleander Hawk-moth";X;andre_dyr
LE218;9760;Vortemælksværmer;"Hyles euphorbiae";"Spurge Hawk-moth";X;andre_dyr
LE219;9770;Snerresværmer;"Hyles gallii";"Bedstraw Hawk-moth";X;andre_dyr
LE220;9780;Dueurtsværmer;"Deilephila elpenor";"Elephant Hawk-moth";X;andre_dyr
LE221;9790;"Lille Vinsværmer";"Deilephila porcellus";"Small Elephant Hawk-moth";X;andre_dyr
LE222;9800;Humlebisværmer;"Hemaris fuciformis";"Broad-bordered Bee Hawk-moth";X;andre_dyr
LE223;9810;Duehale;"Macroglossum stellatarum";"Hummingbird Hawk-moth";X;andre_dyr
LE224;9820;Hermelinskåbe;"Cerura vinula";"Puss Moth";X;andre_dyr
LE225;9830;Bøgespinder;"Stauropus fagi";"Lobster Moth";X;andre_dyr
LE226;9840;Måneplet;"Phalera bucephala";Buff-tip;X;andre_dyr
LE227;9850;"Lille Måneplet";"Clostera curtula";Chocolate-tip;X;andre_dyr
LE228;9860;Porcelænsspinder;"Pheosia tremula";"Swallow Prominent";X;andre_dyr
LE229;9870;Zigzagspinder;"Eligmodonta ziczac";"Pebble Prominent";X;andre_dyr
LE230;9880;Kamelspinder;"Ptilodon capucina";"Coxcomb Prominent";X;andre_dyr
LE231;9890;Bøgenonne;"Calliteara pudibunda";"Pale Tussock";X;andre_dyr
LE232;9900;"Lille Penselspinder";"Orgyia antiqua";"The Vapourer";X;andre_dyr
LE233;9910;Gulhale;"Euproctis similis";Yellow-tail;X;andre_dyr
LE234;9920;Nonne;"Lymantria monacha";"Black Arches";X;andre_dyr
LE235;9930;"Brun Bjørnespinder";"Arctia caja";"Garden Tiger";X;andre_dyr
LE236;9940;Skovbjørn;"Parasemia plantaginis";"Wood Tiger";X;andre_dyr
LE237;9950;Jomfrubjørn;"Callimorpha dominula";"Scarlet Tiger";X;andre_dyr
LE238;9960;Kanelbjørn;"Phragmatobia fuliginosa";"Ruby Tiger";X;andre_dyr
LE239;9970;"Hvid Tigerspinder";"Spilosoma lubricipeda";"White Ermine";X;andre_dyr
LE240;9980;"Gul Tigerspinder";"Spilosoma lutea";"Buff Ermine";X;andre_dyr
LE241;9990;"Grå Tigerspinder";"Diaphora mendica";"Muslin Moth";X;andre_dyr
LE242;10000;Smutugle;"Noctua pronuba";"Large Yellow Underwing";X;andre_dyr
LE243;10010;"Gul Båndugle";"Noctua fimbriata";"Broad-bordered Yellow Underwing";X;andre_dyr
LE244;10020;"Violetgrå Båndugle";"Noctua janthina";"Lesser Broad-bordered Yellow Underwing";X;andre_dyr
LE245;10030;Lyngugle;"Anarta myrtilli";"Beautiful Yellow Underwing";X;andre_dyr
LE246;10040;"Rødt Ordensbånd";"Catocala nupta";"Red Underwing";X;andre_dyr
LE271;10050;"Blåt Ordensbånd";"Catocala fraxini";"Blue Underwing";X;andre_dyr
LE247;10060;Gammaugle;"Autographa gamma";"Silver Y";X;andre_dyr
LE248;10070;Skræpperodæder;"Triodia sylvina";"Orange Swift";X;andre_dyr
LE249;10080;Konvalrodæder;"Pharmacis lupulina";"Common Swift";X;andre_dyr
LE250;10090;Blodplet;"Tyria jacobaeae";"Cinnabar Moth";X;andre_dyr
LE251;10100;"Okkergul Bladmåler";"Camptogramma bilineata";"Yellow Shell";X;andre_dyr
LE272;10110;Birkebladmåler;"Rheumaptera hastata";"Argent and sable";X;andre_dyr
LE252;10120;Hvidvingemåler;"Siona lineata";"Black-veined Moth";X;andre_dyr
LE253;10130;"Sort Måler";"Odezia atrata";"Chimney Sweeper";X;andre_dyr
LE254;10140;Syremåler;"Timandra comae";Blood-vein;X;andre_dyr
LE255;10150;Vinkelengmåler;"Idaea aversata";"Riband Wave";X;andre_dyr
LE256;10160;"Almindelig Spidsvingemåler";"Scotopteryx chenopodiata";"Shaded Broad-bar";X;andre_dyr
LE257;10170;Frugttræ-Barkmåler;"Peribatodes rhomboidaria";"Willow Beauty";X;andre_dyr
LE258;10180;Natsvalehale;"Ourapteryx sambucaria";"Swallow-tailed Moth";X;andre_dyr
LE259;10190;Rodugle;"Apamea monoglypha";"Dark Arches";X;andre_dyr
LE260;10200;Agatugle;"Phlogophora meticulosa";"Angle Shades";X;andre_dyr
LE261;10210;Næbugle;"Hypena proboscidalis";"The Snout";X;andre_dyr
LE262;10220;Husmoderugle;"Scoliopteryx libatrix";"The Herald";X;andre_dyr
LE309;10230;"Sommerfugl/Natsværmer sp.";Lepidoptera;"Butterflies and Moths sp.";X;andre_dyr
MA001;10240;Pindsvin;"Erinaceus europaeus";Hedgehog;X;andre_dyr
MA002;10250;Muldvarp;"Talpa europaea";"European Mole";X;andre_dyr
MA003;10260;"Almindelig Spidsmus";"Sorex araneus";"Eurasian Common Shrew";X;andre_dyr
MA004;10270;Dværgspidsmus;"Sorex minutus";"Eurasian Pygmy Shrew";X;andre_dyr
MA005;10280;Vandspidsmus;"Neomys fodiens";"Eurasian Water Shrew";X;andre_dyr
MA085;10290;"Hvidtandet Spidsmus";"Crocidura suaveolens";"Lesser White-toothed Shrew";X;andre_dyr
MA006;10300;Brunflagermus;"Nyctalus noctula";Noctule;X;andre_dyr
MA007;10310;Sydflagermus;"Eptesicus serotinus";Serotine;X;andre_dyr
MA008;10320;Nordflagermus;"Eptesicus nilssonii";"Northern Bat";X;andre_dyr
MA009;10330;Skimmelflagermus;"Vespertilio murinus";"Parti-coloured Bat";X;andre_dyr
MA010;10340;"Langøret Flagermus";"Plecotus auritus";"Brown Long-eared Bat";X;andre_dyr
MA011;10350;"Bredøret Flagermus";"Barbastella barbastellus";"Western Barbastella";X;andre_dyr
MA012;10360;"Pipistrelflagermus/Dværgflagermus sp.";"Pipistrellus pipistrellus/P. pygmaeus sp.";"Common Pipistrelle/Soprano Pipistrelle sp.";X;andre_dyr
MA013;10370;Troldflagermus;"Pipistrellus nathusii";"Nathusius Pipistrelle";X;andre_dyr
MA014;10380;Frynseflagermus;"Myotis nattereri";"Natterers Bat";X;andre_dyr
MA015;10390;"Bechsteins Flagermus";"Myotis bechsteinii";"Bechsteins Bat";X;andre_dyr
MA016;10400;"Brandts Flagermus";"Myotis brandtii";"Brandts Bat";X;andre_dyr
MA017;10410;Skægflagermus;"Myotis mystacinus";"Whiskered Bat";X;andre_dyr
MA018;10420;Vandflagermus;"Myotis daubentonii";"Daubentons Bat";X;andre_dyr
MA019;10430;Damflagermus;"Myotis dasycneme";"Pond Bat";X;andre_dyr
MA020;10440;Hare;"Lepus europaeus";"Brown Hare";X;andre_dyr
MA021;10450;Vildkanin;"Oryctolagus cuniculus";Rabbit;X;andre_dyr
MA086;10460;Sumpbæver;"Myocastor coypus";Coypu;X;andre_dyr
MA022;10470;Egern;"Sciurus vulgaris";"Red Squirrel";X;andre_dyr
MA023;10480;Hasselmus;"Muscardinus avellanarius";"Hazel Dormouse";X;andre_dyr
MA024;10490;Birkemus;"Sicista betulina";"Northern Birch Mouse";X;andre_dyr
MA025;10500;"Brun Rotte";"Rattus norvegicus";"Brown Rat";X;andre_dyr
MA026;10510;Husrotte;"Rattus rattus";"Black Rat";X;andre_dyr
MA027;10520;Husmus;"Mus musculus/domesticus";"House Mouse";X;andre_dyr
MA028;10530;Halsbåndmus;"Apodemus flavicollis";"Yellow-necked Mouse";X;andre_dyr
MA029;10540;Skovmus;"Apodemus sylvaticus";"Wood Mouse";X;andre_dyr
MA030;10550;Brandmus;"Apodemus agrarius";"Striped Field Mouse";X;andre_dyr
MA031;10560;Dværgmus;"Micromys minutus";"Harvest Mouse";X;andre_dyr
MA032;10570;Mosegris;"Arvicola terrestris";"European Water Vole";X;andre_dyr
MA033;10580;Nordmarkmus;"Microtus agrestis";"Field Vole";X;andre_dyr
MA034;10590;Sydmarkmus;"Microtus arvalis";"Common Vole";X;andre_dyr
MA035;10600;"Markmus sp.";"Microtus agrestis/arvalis";"Field Vole/Common Vole";X;andre_dyr
MA036;10610;Rødmus;"Clethrionomys glareolus";"Bank Vole";X;andre_dyr
MA037;10620;Bisamrotte;"Ondatra zibethicus";"Musk Rat";X;andre_dyr
MA038;10630;Ræv;"Vulpes vulpes";"Red Fox";X;andre_dyr
MA039;10640;Grævling;"Meles meles";"Eurasian Badger";X;andre_dyr
MA040;10650;Husmår;"Martes foina";"Beech Marten";X;andre_dyr
MA041;10660;Skovmår;"Martes martes";"Pine Marten";X;andre_dyr
MA042;10670;Ilder;"Mustela putorius";Polecat;X;andre_dyr
MA043;10680;Mink;"Mustela vison";"American Mink";X;andre_dyr
MA044;10690;Lækat;"Mustela erminea";Stoat;X;andre_dyr
MA045;10700;Brud;"Mustela nivalis";Weasel;X;andre_dyr
MA046;10710;Odder;"Lutra lutra";"European Otter";X;andre_dyr
MA047;10720;Kat;"Felis catus";"Domestic Cat";X;andre_dyr
MA048;10730;Vaskebjørn;"Procyon lotor";Racoon;X;andre_dyr
MA049;10740;Mårhund;"Nyctereutes procyonoides";Racoon-dog;X;andre_dyr
MA050;10750;"Spættet Sæl";"Phoca vitulina";"Common Seal";X;andre_dyr
MA051;10760;Gråsæl;"Halichoerus grypus";"Grey Seal";X;andre_dyr
MA052;10770;Ringsæl;"Phoca hispida";"Ringed Seal";X;andre_dyr
MA053;10780;Klapmyds;"Cystophora cristata";"Hooded Seal";X;andre_dyr
MA054;10790;Grønlandssæl;"Phoca groenlandica";Saddleback;X;andre_dyr
MA055;10800;Hvalros;"Odobenus rosmarus";Walrus;X;andre_dyr
MA056;10810;Marsvin;"Phocoena phocoena";"Common Porpoise";X;andre_dyr
MA057;10820;Hvidnæse;"Lagenorhynchus albirostris";"White-beaked Porpoise";X;andre_dyr
MA058;10830;Hvidskæving;"Lagenorhynchus acutus";"White-sided Porpoise";X;andre_dyr
MA059;10840;Grindehval;"Globicephala melas";"Pilot Whale";X;andre_dyr
MA060;10850;Spækhugger;"Orcinus orca";"Killer Whale";X;andre_dyr
MA061;10860;Halvspækhugger;"Pseudorca crassidens";"False Killer Whale";X;andre_dyr
MA062;10870;"Rissos Delfin (Halvgrindehval)";"Grampus griseus";"Rissos Dolphin";X;andre_dyr
MA063;10880;Øresvin;"Tursiops truncatus";"Bottle-nosed Dolphin";X;andre_dyr
MA064;10890;"Almindelig Delfin";"Delphinus delphis";"Common Dolphin";X;andre_dyr
MA065;10900;Hvidhval;"Delphinapterus leucas";"White Whale";X;andre_dyr
MA066;10910;Døgling;"Hyperoodon ampullatus";"Northern Bottlenose Whale";X;andre_dyr
MA067;10920;"Almindelig Næbhval";"Mesoplodon bidens";"Sowerbys Beaked Whale";X;andre_dyr
MA068;10930;Kaskelot;"Physeter macrocephalus";Spermwhale;X;andre_dyr
MA069;10940;Vågehval;"Balaenoptera acutorostrata";"Piked Whale";X;andre_dyr
MA070;10950;Blåhval;"Balaenoptera musculus";"Blue Whale";X;andre_dyr
MA071;10960;Finhval;"Balaenoptera physalus";"Fin Whale";X;andre_dyr
MA072;10970;Sejhval;"Balaenoptera borealis";"Sei Whale";X;andre_dyr
MA073;10980;Pukkelhval;"Megaptera novaeangliae";"Humpback Whale";X;andre_dyr
MA074;10990;Vildsvin;"Sus scrofa";"Wild Boar";X;andre_dyr
MA075;11000;Krondyr;"Cervus elaphus";"Red Deer";X;andre_dyr
MA076;11010;Dådyr;"Dama dama";"Fallow Deer";X;andre_dyr
MA077;11020;Sika;"Cervus nippon";"Sika Deer";X;andre_dyr
MA078;11030;Rådyr;"Capreolus capreolus";"Roe Deer";X;andre_dyr
MA084;11040;Muflon;"Ovis ammon";Argali;X;andre_dyr
MA079;11050;Bæver;"Castor fiber";Beaver;X;andre_dyr
MA080;11060;Elg;"Alces alces";Moose;X;andre_dyr
MA081;11070;Los;"Felis lynx";Lynx;X;andre_dyr
MA082;11080;Ulv;"Canis lupus";Wolf;X;andre_dyr
MA083;11090;Guldsjakal;"Canis aureus";"Golden Jackal";X;andre_dyr
MA109;11100;"Insektædere sp.";Insectivora;"Insectivores sp.";X;andre_dyr
MA119;11110;"Spidsmus sp.";Soricidae;"Shrews sp.";X;andre_dyr
MA129;11120;"Flagermus sp.";Chiroptera;"Bats sp.";X;andre_dyr
MA139;11130;"Gnaver sp.";Rodentia;"Rodents sp.";X;andre_dyr
MA149;11140;"Ægte Mus sp.";Muridae;"Typical Mice and Rats";X;andre_dyr
MA159;11150;"Studsmus sp.";Microtidae;"Voles sp.";X;andre_dyr
MA168;11160;Skovmår/Husmår;"Martes martes/M. foina";"Pine/Beech Marten";X;andre_dyr
MA169;11170;"Mårdyr sp.";Mustelidae;"Weasel, Mink, Badger, Marten, Otter sp.";X;andre_dyr
MA179;11180;"Sæl sp.";Pinnipedia;"Seal sp.";X;andre_dyr
MA189;11190;"Hval sp.";Cetacea;"Whale sp.";X;andre_dyr
MA199;11200;"Hjort sp.";Cervidae;"Deer sp.";X;andre_dyr
MA212;11210;Pipistrelflagermus;"Pipistrellus pipistrellus";"Common Pipistrelle";X;andre_dyr
MA312;11220;Dværgflagermus;"Pipistrellus pygmaeus";"Soprano Pipistrelle";X;andre_dyr
RE001;11230;Markfirben;"Lacerta agilis";"Sand Lizard";X;andre_dyr
RE002;11240;"Almindelig Firben";"Lacerta vivipara";"Common Lizard";X;andre_dyr
RE003;11250;Stålorm;"Anguis fragilis";"Slow Worm";X;andre_dyr
RE004;11260;Snog;"Natrix natrix";"Grass Snake";X;andre_dyr
RE005;11270;Glatsnog;"Coronella austriaca";"Smooth Snake";X;andre_dyr
RE006;11280;Æskulapsnog;"Elaphe longissima";"Aesculapian Snake";X;andre_dyr
RE007;11290;Hugorm;"Vipera berus";Adder;X;andre_dyr
RE008;11300;"Europæisk Sumpskildpadde";"Emys orbicularis";"European Pond Turtle";X;andre_dyr
RE009;11310;Læderskildpadde;"Dermochelys coriacea";"Leatherback Sea Turtle";X;andre_dyr
RE010;11320;Bastardskildpadde;"Lepidochelys kempii";"Kemps Ridley Sea Turtle";X;andre_dyr
RE011;11330;"Uægte Karette";"Caretta caretta";"Loggerhead Sea Turtle";X;andre_dyr
RE012;11340;"Nordamerikansk Terrapin";"Trachemys scripta";"Pond Slider";X;andre_dyr
RE109;11350;"Firben sp.";Lacertidae;"Lizard sp.";X;andre_dyr
RE119;11360;"Slange sp.";Serpentes;"Snake sp.";X;andre_dyr
RE129;11370;"Skildpadde sp.";Testudines;"Turtle sp.";X;andre_dyr
